,indpro,payems,pi_transfer,real_manf_trade,personal_consump,capacity_util
1919-01-01,4.8739,,,,,
1919-02-01,4.6585,,,,,
1919-03-01,4.5238,,,,,
1919-04-01,4.6046,,,,,
1919-05-01,4.6315,,,,,
1919-06-01,4.9277,,,,,
1919-07-01,5.2239,,,,,
1919-08-01,5.3047,,,,,
1919-09-01,5.197,,,,,
1919-10-01,5.1432,,,,,
1919-11-01,5.0624,,,,,
1919-12-01,5.1432,,,,,
1920-01-01,5.6279,,,,,
1920-02-01,5.6279,,,,,
1920-03-01,5.5201,,,,,
1920-04-01,5.2239,,,,,
1920-05-01,5.3586,,,,,
1920-06-01,5.4124,,,,,
1920-07-01,5.2778,,,,,
1920-08-01,5.3047,,,,,
1920-09-01,5.1162,,,,,
1920-10-01,4.9008,,,,,
1920-11-01,4.4969,,,,,
1920-12-01,4.2276,,,,,
1921-01-01,3.9853,,,,,
1921-02-01,3.9045,,,,,
1921-03-01,3.7968,,,,,
1921-04-01,3.7968,,,,,
1921-05-01,3.9045,,,,,
1921-06-01,3.8776,,,,,
1921-07-01,3.8506,,,,,
1921-08-01,3.9853,,,,,
1921-09-01,4.0122,,,,,
1921-10-01,4.2545,,,,,
1921-11-01,4.2007,,,,,
1921-12-01,4.1738,,,,,
1922-01-01,4.3353,,,,,
1922-02-01,4.5238,,,,,
1922-03-01,4.7662,,,,,
1922-04-01,4.6046,,,,,
1922-05-01,4.847,,,,,
1922-06-01,5.0893,,,,,
1922-07-01,5.0893,,,,,
1922-08-01,4.9816,,,,,
1922-09-01,5.2509,,,,,
1922-10-01,5.5471,,,,,
1922-11-01,5.7894,,,,,
1922-12-01,5.951,,,,,
1923-01-01,5.8163,,,,,
1923-02-01,5.8971,,,,,
1923-03-01,6.0856,,,,,
1923-04-01,6.2203,,,,,
1923-05-01,6.301,,,,,
1923-06-01,6.2472,,,,,
1923-07-01,6.1933,,,,,
1923-08-01,6.0856,,,,,
1923-09-01,5.951,,,,,
1923-10-01,5.9241,,,,,
1923-11-01,5.9241,,,,,
1923-12-01,5.7894,,,,,
1924-01-01,5.924,,,,,
1924-02-01,6.0318,,,,,
1924-03-01,5.9241,,,,,
1924-04-01,5.7356,,,,,
1924-05-01,5.4932,,,,,
1924-06-01,5.2509,,,,,
1924-07-01,5.1701,,,,,
1924-08-01,5.3586,,,,,
1924-09-01,5.5471,,,,,
1924-10-01,5.6817,,,,,
1924-11-01,5.7894,,,,,
1924-12-01,5.951,,,,,
1925-01-01,6.1395,,,,,
1925-02-01,6.1395,,,,,
1925-03-01,6.1395,,,,,
1925-04-01,6.1933,,,,,
1925-05-01,6.1664,,,,,
1925-06-01,6.1125,,,,,
1925-07-01,6.2741,,,,,
1925-08-01,6.1664,,,,,
1925-09-01,6.0856,,,,,
1925-10-01,6.328,,,,,
1925-11-01,6.4626,,,,,
1925-12-01,6.5434,,,,,
1926-01-01,6.4357,,,,,
1926-02-01,6.4357,,,,,
1926-03-01,6.5165,,,,,
1926-04-01,6.5165,,,,,
1926-05-01,6.4626,,,,,
1926-06-01,6.5434,,,,,
1926-07-01,6.5703,,,,,
1926-08-01,6.6511,,,,,
1926-09-01,6.7588,,,,,
1926-10-01,6.7588,,,,,
1926-11-01,6.7319,,,,,
1926-12-01,6.705,,,,,
1927-01-01,6.678,,,,,
1927-02-01,6.7319,,,,,
1927-03-01,6.8127,,,,,
1927-04-01,6.6511,,,,,
1927-05-01,6.705,,,,,
1927-06-01,6.678,,,,,
1927-07-01,6.5972,,,,,
1927-08-01,6.5972,,,,,
1927-09-01,6.4895,,,,,
1927-10-01,6.3549,,,,,
1927-11-01,6.3549,,,,,
1927-12-01,6.3818,,,,,
1928-01-01,6.5165,,,,,
1928-02-01,6.5703,,,,,
1928-03-01,6.6242,,,,,
1928-04-01,6.5972,,,,,
1928-05-01,6.678,,,,,
1928-06-01,6.7319,,,,,
1928-07-01,6.8127,,,,,
1928-08-01,6.9473,,,,,
1928-09-01,7.0012,,,,,
1928-10-01,7.1358,,,,,
1928-11-01,7.2704,,,,,
1928-12-01,7.4051,,,,,
1929-01-01,7.5128,,,,,
1929-02-01,7.4858,,,,,
1929-03-01,7.5128,,,,,
1929-04-01,7.6474,,,,,
1929-05-01,7.7821,,,,,
1929-06-01,7.8359,,,,,
1929-07-01,7.9436,,,,,
1929-08-01,7.8628,,,,,
1929-09-01,7.809,,,,,
1929-10-01,7.6743,,,,,
1929-11-01,7.2974,,,,,
1929-12-01,6.9742,,,,,
1930-01-01,6.9742,,,,,
1930-02-01,6.9473,,,,,
1930-03-01,6.8396,,,,,
1930-04-01,6.7857,,,,,
1930-05-01,6.678,,,,,
1930-06-01,6.4895,,,,,
1930-07-01,6.1933,,,,,
1930-08-01,6.0587,,,,,
1930-09-01,5.951,,,,,
1930-10-01,5.7894,,,,,
1930-11-01,5.6548,,,,,
1930-12-01,5.5201,,,,,
1931-01-01,5.4932,,,,,
1931-02-01,5.5201,,,,,
1931-03-01,5.6279,,,,,
1931-04-01,5.6548,,,,,
1931-05-01,5.574,,,,,
1931-06-01,5.4394,,,,,
1931-07-01,5.3586,,,,,
1931-08-01,5.1701,,,,,
1931-09-01,4.9277,,,,,
1931-10-01,4.7392,,,,,
1931-11-01,4.6854,,,,,
1931-12-01,4.6585,,,,,
1932-01-01,4.5238,,,,,
1932-02-01,4.4161,,,,,
1932-03-01,4.3623,,,,,
1932-04-01,4.0661,,,,,
1932-05-01,3.9314,,,,,
1932-06-01,3.7968,,,,,
1932-07-01,3.6891,,,,,
1932-08-01,3.7968,,,,,
1932-09-01,4.0391,,,,,
1932-10-01,4.1738,,,,,
1932-11-01,4.1738,,,,,
1932-12-01,4.093,,,,,
1933-01-01,4.0122,,,,,
1933-02-01,4.0391,,,,,
1933-03-01,3.7968,,,,,
1933-04-01,4.0661,,,,,
1933-05-01,4.7392,,,,,
1933-06-01,5.4663,,,,,
1933-07-01,5.9779,,,,,
1933-08-01,5.7356,,,,,
1933-09-01,5.4124,,,,,
1933-10-01,5.1432,,,,,
1933-11-01,4.847,,,,,
1933-12-01,4.8739,,,,,
1934-01-01,5.0354,,,,,
1934-02-01,5.2778,,,,,
1934-03-01,5.5201,,,,,
1934-04-01,5.5201,,,,,
1934-05-01,5.6278,,,,,
1934-06-01,5.5201,,,,,
1934-07-01,5.1432,,,,,
1934-08-01,5.0893,,,,,
1934-09-01,4.7931,,,,,
1934-10-01,5.0085,,,,,
1934-11-01,5.0624,,,,,
1934-12-01,5.3855,,,,,
1935-01-01,5.8163,,,,,
1935-02-01,5.9241,,,,,
1935-03-01,5.8971,,,,,
1935-04-01,5.7894,,,,,
1935-05-01,5.7894,,,,,
1935-06-01,5.8702,,,,,
1935-07-01,5.8702,,,,,
1935-08-01,6.0856,,,,,
1935-09-01,6.2472,,,,,
1935-10-01,6.4357,,,,,
1935-11-01,6.5703,,,,,
1935-12-01,6.6511,,,,,
1936-01-01,6.5434,,,,,
1936-02-01,6.3818,,,,,
1936-03-01,6.4626,,,,,
1936-04-01,6.8665,,,,,
1936-05-01,7.0012,,,,,
1936-06-01,7.1358,,,,,
1936-07-01,7.2704,,,,,
1936-08-01,7.3781,,,,,
1936-09-01,7.5128,,,,,
1936-10-01,7.6205,,,,,
1936-11-01,7.8359,,,,,
1936-12-01,8.0783,,,,,
1937-01-01,8.0513,,,,,
1937-02-01,8.159,,,,,
1937-03-01,8.3475,,,,,
1937-04-01,8.3475,,,,,
1937-05-01,8.3745,,,,,
1937-06-01,8.2667,,,,,
1937-07-01,8.3206,,,,,
1937-08-01,8.2667,,,,,
1937-09-01,7.9975,,,,,
1937-10-01,7.4051,,,,,
1937-11-01,6.678,,,,,
1937-12-01,6.0856,,,,,
1938-01-01,5.951,,,,,
1938-02-01,5.8971,,,,,
1938-03-01,5.8971,,,,,
1938-04-01,5.7894,,,,,
1938-05-01,5.6548,,,,,
1938-06-01,5.7086,,,,,
1938-07-01,6.0318,,,,,
1938-08-01,6.3549,,,,,
1938-09-01,6.5434,,,,,
1938-10-01,6.705,,,,,
1938-11-01,6.9742,,,,,
1938-12-01,7.055,,,,,
1939-01-01,7.055,29923.0,,,,
1939-02-01,7.1089,30100.0,,,,
1939-03-01,7.1358,30280.0,,,,
1939-04-01,7.1089,30094.0,,,,
1939-05-01,7.0819,30299.0,,,,
1939-06-01,7.2435,30502.0,,,,
1939-07-01,7.4589,30419.0,,,,
1939-08-01,7.5666,30663.0,,,,
1939-09-01,8.0244,31031.0,,,,
1939-10-01,8.4283,31411.0,,,,
1939-11-01,8.6437,31470.0,,,,
1939-12-01,8.6437,31542.0,,,,
1940-01-01,8.536,31603.0,,,,
1940-02-01,8.2667,31715.0,,,,
1940-03-01,8.0783,31825.0,,,,
1940-04-01,8.2398,31701.0,,,,
1940-05-01,8.4822,31879.0,,,,
1940-06-01,8.7514,31977.0,,,,
1940-07-01,8.8592,31942.0,,,,
1940-08-01,8.913,32352.0,,,,
1940-09-01,9.1015,32810.0,,,,
1940-10-01,9.2361,33267.0,,,,
1940-11-01,9.4516,33669.0,,,,
1940-12-01,9.7747,34174.0,,,,
1941-01-01,10.017,34481.0,,,,
1941-02-01,10.3132,34843.0,,,,
1941-03-01,10.6364,35092.0,,,,
1941-04-01,10.6633,35468.0,,,,
1941-05-01,11.148,36182.0,,,,
1941-06-01,11.2288,36650.0,,,,
1941-07-01,11.3634,37137.0,,,,
1941-08-01,11.4981,37544.0,,,,
1941-09-01,11.4981,37835.0,,,,
1941-10-01,11.6058,37949.0,,,,
1941-11-01,11.6596,38024.0,,,,
1941-12-01,11.8481,38104.0,,,,
1942-01-01,12.0905,38347.0,,,,
1942-02-01,12.3059,38512.0,,,,
1942-03-01,12.4405,38935.0,,,,
1942-04-01,12.0905,39352.0,,,,
1942-05-01,12.1174,39771.0,,,,
1942-06-01,12.1443,40029.0,,,,
1942-07-01,12.4405,40472.0,,,,
1942-08-01,12.8175,40988.0,,,,
1942-09-01,13.1137,41259.0,,,,
1942-10-01,13.5445,41515.0,,,,
1942-11-01,13.8677,41674.0,,,,
1942-12-01,14.1908,41915.0,,,,
1943-01-01,14.3255,42172.0,,,,
1943-02-01,14.7024,42393.0,,,,
1943-03-01,14.8102,42552.0,,,,
1943-04-01,14.9986,42647.0,,,,
1943-05-01,15.1063,42596.0,,,,
1943-06-01,15.0256,42781.0,,,,
1943-07-01,15.4833,42700.0,,,,
1943-08-01,15.8064,42546.0,,,,
1943-09-01,16.2104,42492.0,,,,
1943-10-01,16.4527,42675.0,,,,
1943-11-01,16.6681,42821.0,,,,
1943-12-01,16.4527,42746.0,,,,
1944-01-01,16.6412,42654.0,,,,
1944-02-01,16.7758,42538.0,,,,
1944-03-01,16.7489,42294.0,,,,
1944-04-01,16.7489,42063.0,,,,
1944-05-01,16.6412,41985.0,,,,
1944-06-01,16.5874,41947.0,,,,
1944-07-01,16.5604,41904.0,,,,
1944-08-01,16.7758,41850.0,,,,
1944-09-01,16.6681,41679.0,,,,
1944-10-01,16.722,41708.0,,,,
1944-11-01,16.5873,41711.0,,,,
1944-12-01,16.5335,41860.0,,,,
1945-01-01,16.3719,41895.0,,,,
1945-02-01,16.3181,41897.0,,,,
1945-03-01,16.2104,41798.0,,,,
1945-04-01,15.9142,41446.0,,,,
1945-05-01,15.4833,41304.0,,,,
1945-06-01,15.1333,41149.0,,,,
1945-07-01,14.7832,40874.0,,,,
1945-08-01,13.2483,40466.0,,,,
1945-09-01,12.0635,38507.0,,,,
1945-10-01,11.5788,38600.0,,,,
1945-11-01,12.0097,38996.0,,,,
1945-12-01,12.0635,39110.0,,,,
1946-01-01,11.3903,39829.0,,,,
1946-02-01,10.8249,39244.0,,,,
1946-03-01,11.9558,40195.0,,,,
1946-04-01,11.7404,40913.0,,,,
1946-05-01,11.3096,41349.0,,,,
1946-06-01,12.0097,41735.0,,,,
1946-07-01,12.4136,42153.0,,,,
1946-08-01,12.8714,42642.0,,,,
1946-09-01,13.1137,42915.0,,,,
1946-10-01,13.356,43093.0,,,,
1946-11-01,13.4368,43395.0,,,,
1946-12-01,13.5176,43379.0,,,,
1947-01-01,13.6792,43535.0,,,,
1947-02-01,13.76,43557.0,,,,
1947-03-01,13.8407,43607.0,,,,
1947-04-01,13.733,43499.0,,,,
1947-05-01,13.7869,43638.0,,,,
1947-06-01,13.7869,43810.0,,,,
1947-07-01,13.7061,43743.0,,,,
1947-08-01,13.7869,43960.0,,,,
1947-09-01,13.8946,44203.0,,,,
1947-10-01,14.0292,44411.0,,,,
1947-11-01,14.2177,44484.0,,,,
1947-12-01,14.2716,44581.0,,,,
1948-01-01,14.3524,44679.0,,,,84.4294
1948-02-01,14.3793,44533.0,,,,83.9649
1948-03-01,14.2177,44683.0,,,,83.3786
1948-04-01,14.2447,44379.0,,,,82.7982
1948-05-01,14.487,44796.0,,,,83.3016
1948-06-01,14.6755,45034.0,,,,83.6466
1948-07-01,14.6755,45160.0,,,,83.3785
1948-08-01,14.6216,45178.0,,,,82.658
1948-09-01,14.5139,45294.0,,,,81.4921
1948-10-01,14.6217,45245.0,,,,81.689
1948-11-01,14.4332,45192.0,,,,80.2405
1948-12-01,14.2985,45032.0,,,,79.3106
1949-01-01,14.1639,44668.0,,,,77.9438
1949-02-01,14.0292,44497.0,,,,76.8835
1949-03-01,13.76,44240.0,,,,75.8871
1949-04-01,13.6792,44236.0,,,,74.1646
1949-05-01,13.4907,43984.0,,,,73.1841
1949-06-01,13.4638,43739.0,,,,73.0837
1949-07-01,13.4368,43531.0,,,,73.129
1949-08-01,13.5715,43624.0,,,,73.6079
1949-09-01,13.7061,43780.0,,,,74.8043
1949-10-01,13.1945,42942.0,,,,71.6831
1949-11-01,13.5446,43242.0,,,,72.0188
1949-12-01,13.7869,43522.0,,,,73.6252
1950-01-01,14.0292,43526.0,,,,74.9361
1950-02-01,14.0831,43297.0,,,,75.3878
1950-03-01,14.5409,43954.0,,,,76.3894
1950-04-01,15.0255,44382.0,,,,79.2129
1950-05-01,15.3756,44718.0,,,,81.0351
1950-06-01,15.8334,45083.0,,,,83.1238
1950-07-01,16.345,45454.0,,,,85.4762
1950-08-01,16.8566,46192.0,,,,88.367
1950-09-01,16.7489,46438.0,,,,87.2287
1950-10-01,16.8566,46706.0,,,,87.4758
1950-11-01,16.8297,46776.0,,,,87.0349
1950-12-01,17.1259,46861.0,,,,88.0952
1951-01-01,17.1797,47288.0,,,,88.3302
1951-02-01,17.2875,47577.0,,,,88.2919
1951-03-01,17.3682,47873.0,,,,88.3826
1951-04-01,17.3952,47861.0,,,,88.2029
1951-05-01,17.3413,47952.0,,,,87.3526
1951-06-01,17.2605,48064.0,,,,86.6421
1951-07-01,16.9913,48061.0,,,,84.8692
1951-08-01,16.8297,48012.0,,,,83.6406
1951-09-01,16.9374,47954.0,,,,83.7458
1951-10-01,16.9105,48006.0,,,,83.0578
1951-11-01,17.0451,48147.0,,,,83.559
1951-12-01,17.1528,48314.0,,,,83.9073
1952-01-01,17.3413,48296.0,,,,84.3838
1952-02-01,17.449,48522.0,,,,84.5965
1952-03-01,17.5029,48504.0,,,,84.6599
1952-04-01,17.3413,48620.0,,,,83.5604
1952-05-01,17.1798,48642.0,,,,83.1126
1952-06-01,17.0182,48282.0,,,,81.8992
1952-07-01,16.7489,48143.0,,,,79.8012
1952-08-01,17.826,48924.0,,,,85.0966
1952-09-01,18.4723,49320.0,,,,87.6912
1952-10-01,18.6608,49597.0,,,,88.7512
1952-11-01,19.0378,49816.0,,,,90.1807
1952-12-01,19.1455,50166.0,,,,90.4905
1953-01-01,19.1993,50144.0,,,,90.5483
1953-02-01,19.307,50339.0,,,,91.1036
1953-03-01,19.4686,50473.0,,,,91.4256
1953-04-01,19.5494,50435.0,,,,91.4983
1953-05-01,19.6571,50490.0,,,,91.6937
1953-06-01,19.5763,50519.0,,,,90.6594
1953-07-01,19.8187,50536.0,,,,90.9787
1953-08-01,19.7109,50489.0,,,,90.5636
1953-09-01,19.307,50368.0,,,,88.3263
1953-10-01,19.1455,50240.0,,,,87.1948
1953-11-01,18.6877,49908.0,,,,84.7407
1953-12-01,18.2299,49703.0,,,,82.3076
1954-01-01,18.0953,49469.0,,,,81.3314
1954-02-01,18.1492,49382.0,,,,80.8402
1954-03-01,18.0414,49157.0,,,,80.2379
1954-04-01,17.9337,49179.0,,,,79.4012
1954-05-01,18.0414,48965.0,,,,79.7563
1954-06-01,18.0953,48895.0,,,,79.8726
1954-07-01,18.1222,48835.0,,,,79.3984
1954-08-01,18.0953,48826.0,,,,78.8093
1954-09-01,18.1222,48886.0,,,,79.1621
1954-10-01,18.3377,48942.0,,,,79.7465
1954-11-01,18.6338,49180.0,,,,80.9104
1954-12-01,18.8762,49331.0,,,,81.7984
1955-01-01,19.307,49496.0,,,,83.491
1955-02-01,19.5494,49644.0,,,,84.1335
1955-03-01,20.0071,49962.0,,,,85.769
1955-04-01,20.2495,50248.0,,,,86.7049
1955-05-01,20.5726,50512.0,,,,87.8619
1955-06-01,20.5996,50790.0,,,,87.6462
1955-07-01,20.7611,50987.0,,,,87.6585
1955-08-01,20.7342,51111.0,,,,87.3323
1955-09-01,20.8688,51266.0,,,,87.4582
1955-10-01,21.2189,51429.0,,,,88.3671
1955-11-01,21.2727,51592.0,,,,88.2651
1955-12-01,21.3535,51805.0,,,,89.0259
1956-01-01,21.4882,51975.0,,,,88.2309
1956-02-01,21.2997,52167.0,,,,87.4422
1956-03-01,21.2997,52294.0,,,,86.9629
1956-04-01,21.4612,52375.0,,,,87.7998
1956-05-01,21.2728,52506.0,,,,86.3431
1956-06-01,21.0843,52586.0,,,,85.3322
1956-07-01,20.438,51955.0,,,,81.5224
1956-08-01,21.2727,52631.0,,,,84.9487
1956-09-01,21.7574,52604.0,,,,85.9908
1956-10-01,21.9459,52777.0,,,,86.491
1956-11-01,21.7574,52821.0,,,,85.8189
1956-12-01,22.0806,52929.0,,,,86.7793
1957-01-01,21.9998,52887.0,,,,86.151
1957-02-01,22.2152,53097.0,,,,86.9983
1957-03-01,22.1883,53156.0,,,,86.4136
1957-04-01,21.8921,53238.0,,,,84.9971
1957-05-01,21.8113,53150.0,,,,84.2139
1957-06-01,21.8652,53067.0,,,,84.5773
1957-07-01,21.9998,53123.0,,,,84.3174
1957-08-01,21.9998,53128.0,,,,84.1625
1957-09-01,21.8113,52934.0,,,,83.1858
1957-10-01,21.4882,52763.0,,,,81.3949
1957-11-01,20.9765,52558.0,,,,79.4105
1957-12-01,20.5726,52384.0,,,,77.5488
1958-01-01,20.1956,52076.0,,,,75.6978
1958-02-01,19.7648,51576.0,,,,73.7563
1958-03-01,19.5225,51299.0,,,,72.7431
1958-04-01,19.1993,51027.0,,,,71.3327
1958-05-01,19.3878,50914.0,,,,71.9395
1958-06-01,19.8994,50914.0,,,,73.9457
1958-07-01,20.1956,51039.0,,,,74.3421
1958-08-01,20.5995,51233.0,,,,75.7329
1958-09-01,20.7881,51506.0,,,,76.2217
1958-10-01,21.0304,51485.0,,,,76.4104
1958-11-01,21.6497,51944.0,,,,79.0691
1958-12-01,21.6767,52085.0,,,,79.0434
1959-01-01,21.9998,52478.0,2426.0,,15.188,80.1973
1959-02-01,22.4306,52688.0,2434.8,,15.346,81.4428
1959-03-01,22.7538,53014.0,2452.7,,15.491,82.4769
1959-04-01,23.2384,53321.0,2470.0,,15.435,83.9922
1959-05-01,23.5885,53550.0,2486.4,,15.622,84.9159
1959-06-01,23.6155,53681.0,2493.9,,15.679,84.7686
1959-07-01,23.05,53804.0,2492.0,,15.626,82.9798
1959-08-01,22.2691,53336.0,2477.7,,15.72,79.4676
1959-09-01,22.2421,53428.0,2477.7,,15.878,79.0489
1959-10-01,22.0806,53358.0,2480.6,,15.77,78.1537
1959-11-01,22.2152,53634.0,2497.2,,15.763,78.5051
1959-12-01,23.5885,54174.0,2525.8,,15.745,83.5682
1960-01-01,24.2078,54274.0,2537.6,,15.789,85.5616
1960-02-01,23.9924,54513.0,2539.9,,15.858,84.6108
1960-03-01,23.777,54454.0,2542.2,,16.083,83.2421
1960-04-01,23.5885,54813.0,2551.4,,16.331,82.2593
1960-05-01,23.5616,54475.0,2557.6,,16.002,81.4711
1960-06-01,23.2654,54348.0,2557.0,,15.998,80.2236
1960-07-01,23.1846,54306.0,2561.9,,16.031,79.7275
1960-08-01,23.1577,54272.0,2555.4,,16.016,79.0505
1960-09-01,22.9153,54227.0,2556.1,,16.092,77.9187
1960-10-01,22.8884,54142.0,2564.1,,16.17,77.5287
1960-11-01,22.5653,53961.0,2549.4,,16.114,75.7724
1960-12-01,22.1344,53742.0,2534.5,,15.916,74.2557
1961-01-01,22.1613,53683.0,2556.6,,15.956,74.1095
1961-02-01,22.1344,53557.0,2556.8,,16.014,73.512
1961-03-01,22.2691,53659.0,2569.4,,16.213,73.8637
1961-04-01,22.7268,53627.0,2578.3,,16.221,75.3829
1961-05-01,23.0769,53786.0,2593.7,,16.32,76.356
1961-06-01,23.4,53977.0,2614.5,,16.359,77.3241
1961-07-01,23.6693,54123.0,2620.7,,16.31,78.1087
1961-08-01,23.8847,54298.0,2631.9,,16.368,78.9783
1961-09-01,23.8578,54388.0,2637.0,,16.46,78.1562
1961-10-01,24.3156,54522.0,2665.2,,16.563,79.5528
1961-11-01,24.6926,54742.0,2689.7,,16.724,80.7658
1961-12-01,24.908,54872.0,2704.5,,16.84,81.6041
1962-01-01,24.6925,54891.0,2700.8,,16.845,80.2408
1962-02-01,25.0964,55188.0,2713.9,,16.837,81.4267
1962-03-01,25.2311,55275.0,2731.9,,16.976,81.8912
1962-04-01,25.285,55602.0,2749.0,,17.035,81.7429
1962-05-01,25.258,55628.0,2752.9,,17.166,81.3349
1962-06-01,25.2042,55644.0,2756.3,,17.08,80.9291
1962-07-01,25.4465,55746.0,2769.4,,17.135,81.476
1962-08-01,25.4734,55838.0,2772.5,,17.183,81.4168
1962-09-01,25.635,55978.0,2775.8,,17.375,81.7875
1962-10-01,25.6619,56041.0,2785.0,,17.289,81.3851
1962-11-01,25.7696,56056.0,2798.3,,17.519,81.8392
1962-12-01,25.7696,56028.0,2813.0,,17.617,81.6791
1963-01-01,25.9581,56115.0,2806.3,,17.612,81.9446
1963-02-01,26.2544,56230.0,2813.7,,17.546,82.3778
1963-03-01,26.4159,56320.0,2826.3,,17.635,82.6243
1963-04-01,26.6582,56580.0,2834.3,,17.699,83.4581
1963-05-01,26.9814,56616.0,2846.3,,17.71,83.9513
1963-06-01,27.0622,56659.0,2861.0,,17.881,83.9398
1963-07-01,26.9545,56794.0,2862.7,,17.973,83.3448
1963-08-01,27.0083,56910.0,2872.9,,18.037,83.5014
1963-09-01,27.2776,57078.0,2893.0,,18.003,83.8227
1963-10-01,27.4661,57283.0,2908.9,,17.993,84.3071
1963-11-01,27.6007,57255.0,2915.8,,18.127,84.2946
1963-12-01,27.5469,57361.0,2936.6,,18.343,84.0095
1964-01-01,27.7892,57487.0,2936.3,,18.402,84.4621
1964-02-01,27.9777,57753.0,2962.7,,18.532,84.6673
1964-03-01,27.9777,57897.0,2977.8,,18.597,84.3575
1964-04-01,28.4355,57922.0,2996.0,,18.63,85.5869
1964-05-01,28.597,58089.0,3014.9,,18.888,85.5983
1964-06-01,28.6778,58219.0,3026.6,,18.996,85.449
1964-07-01,28.8663,58412.0,3043.0,,19.136,85.861
1964-08-01,29.0548,58619.0,3061.5,,19.251,86.1105
1964-09-01,29.1625,58903.0,3074.4,,19.171,86.1994
1964-10-01,28.7586,58793.0,3076.4,,19.296,84.6252
1964-11-01,29.6472,59218.0,3099.1,,19.121,86.8484
1964-12-01,29.9973,59421.0,3128.9,,19.306,88.0025
1965-01-01,30.3204,59582.0,3134.5,,19.443,88.5986
1965-02-01,30.5089,59800.0,3151.6,,19.753,88.7226
1965-03-01,30.9128,60003.0,3167.2,,19.814,89.2769
1965-04-01,31.0474,60259.0,3178.8,,19.955,89.2868
1965-05-01,31.2898,60491.0,3199.2,,19.936,89.4494
1965-06-01,31.5321,60690.0,3208.7,,19.77,89.4582
1965-07-01,31.8283,60965.0,3230.4,,20.018,90.2974
1965-08-01,31.963,61228.0,3247.6,,20.165,89.8508
1965-09-01,32.0438,61490.0,3268.7,,20.502,89.5586
1965-10-01,32.3669,61719.0,3305.3,,20.789,89.7893
1965-11-01,32.5015,61996.0,3328.6,,20.78,89.6483
1965-12-01,32.9054,62322.0,3346.5,,20.823,90.5141
1966-01-01,33.2286,62529.0,3353.6,,20.956,90.8594
1966-02-01,33.444,62796.0,3370.7,,21.097,90.9108
1966-03-01,33.9018,63192.0,3389.3,,21.261,91.5884
1966-04-01,33.9556,63437.0,3388.0,,21.272,91.5416
1966-05-01,34.2787,63712.0,3399.6,,21.074,91.6379
1966-06-01,34.4403,64111.0,3419.3,,21.13,91.5205
1966-07-01,34.6288,64301.0,3434.6,,21.312,91.4046
1966-08-01,34.6557,64507.0,3444.1,,21.345,91.0801
1966-09-01,34.9789,64643.0,3453.4,,21.542,91.2464
1966-10-01,35.2212,64854.0,3468.5,,21.448,91.618
1966-11-01,34.9788,65019.0,3482.4,,21.493,90.1293
1966-12-01,35.0596,65199.0,3478.0,,21.527,90.0246
1967-01-01,35.225,65407.0,3508.2,364393.989,21.629,89.8425
1967-02-01,34.8255,65429.0,3507.6,362995.316,21.549,88.3949
1967-03-01,34.6292,65530.0,3521.1,365624.437,21.661,87.5162
1967-04-01,34.9558,65466.0,3522.2,365385.317,21.867,87.6555
1967-05-01,34.6508,65620.0,3527.6,365086.116,21.865,86.6106
1967-06-01,34.6465,65750.0,3541.4,367798.148,21.994,86.0691
1967-07-01,34.5676,65888.0,3557.6,365421.365,21.916,85.3074
1967-08-01,35.2299,66143.0,3572.9,370329.939,21.981,86.4918
1967-09-01,35.1727,66164.0,3577.9,371637.29,22.165,86.0644
1967-10-01,35.4591,66225.0,3579.1,369058.636,21.957,86.3701
1967-11-01,35.9663,66703.0,3601.6,378999.549,22.107,87.5349
1967-12-01,36.3536,66900.0,3611.3,387426.434,22.402,88.0043
1968-01-01,36.3145,66804.0,3629.2,383540.43,22.545,87.4099
1968-02-01,36.4446,67215.0,3658.9,382331.611,22.568,87.4092
1968-03-01,36.5584,67295.0,3676.8,385177.022,22.946,87.1648
1968-04-01,36.6113,67556.0,3688.0,384412.798,22.861,86.8701
1968-05-01,37.022,67652.0,3710.6,387106.806,23.019,87.586
1968-06-01,37.158,67905.0,3728.6,389844.072,23.216,87.3914
1968-07-01,37.101,68126.0,3751.3,393564.254,23.432,86.7508
1968-08-01,37.2045,68330.0,3765.4,386854.468,23.496,86.8043
1968-09-01,37.3454,68484.0,3785.0,392268.919,23.463,86.4809
1968-10-01,37.4196,68721.0,3790.5,397581.233,23.502,86.6552
1968-11-01,37.9036,68984.0,3807.9,401009.424,23.632,87.5147
1968-12-01,38.0233,69248.0,3823.3,397290.444,23.574,87.1537
1969-01-01,38.2533,69439.0,3824.3,397300.057,23.765,87.3262
1969-02-01,38.4981,69699.0,3840.1,397918.885,23.916,87.6949
1969-03-01,38.8,69905.0,3859.1,399382.445,23.811,88.0269
1969-04-01,38.6573,70072.0,3868.8,401109.158,23.908,87.3257
1969-05-01,38.5111,70328.0,3884.3,400832.788,24.069,86.6446
1969-06-01,38.8874,70636.0,3899.4,400603.28,23.976,86.842
1969-07-01,39.0927,70729.0,3920.7,400716.232,23.945,87.144
1969-08-01,39.1825,71008.0,3945.2,405063.654,24.165,86.9376
1969-09-01,39.1737,70914.0,3955.8,407018.672,24.195,86.4951
1969-10-01,39.1852,71121.0,3961.6,411726.576,24.32,86.2607
1969-11-01,38.8158,71086.0,3965.8,406026.142,24.292,85.0462
1969-12-01,38.7116,71241.0,3972.8,405277.54,24.27,84.2786
1970-01-01,37.9948,71176.0,3979.5,400169.499,24.415,82.1557
1970-02-01,37.9698,71305.0,3986.5,400525.176,24.522,81.9609
1970-03-01,37.9205,71451.0,4001.6,395844.908,24.397,81.47
1970-04-01,37.823,71348.0,3978.0,393844.229,24.416,80.9255
1970-05-01,37.7789,71124.0,3986.4,398121.957,24.584,80.4844
1970-06-01,37.6567,71029.0,3999.3,399716.493,24.667,79.992
1970-07-01,37.7491,71053.0,4020.4,400143.064,24.661,79.9912
1970-08-01,37.6818,70937.0,4028.3,399958.016,24.765,79.2016
1970-09-01,37.4221,70944.0,4017.2,399263.486,24.887,78.2926
1970-10-01,36.6735,70521.0,3994.3,395109.523,24.736,76.3074
1970-11-01,36.4514,70409.0,3992.7,388477.842,24.573,75.6084
1970-12-01,37.2885,70792.0,4002.9,400806.352,24.802,77.363
1971-01-01,37.5753,70865.0,4041.6,404733.211,25.142,77.7996
1971-02-01,37.5037,70807.0,4045.8,406993.438,25.189,77.6389
1971-03-01,37.4631,70860.0,4056.9,408681.699,25.202,77.2808
1971-04-01,37.6735,71036.0,4068.1,410904.676,25.353,77.49
1971-05-01,37.8646,71247.0,4084.7,412911.363,25.335,77.8149
1971-06-01,38.0234,71254.0,4086.5,418581.757,25.539,77.8141
1971-07-01,37.9131,71315.0,4091.7,413760.901,25.43,77.7503
1971-08-01,37.693,71373.0,4107.2,416361.183,25.575,76.6371
1971-09-01,38.3056,71614.0,4125.2,420110.204,25.83,77.9928
1971-10-01,38.5924,71642.0,4142.0,420400.993,25.893,78.9544
1971-11-01,38.7561,71847.0,4159.2,427508.511,26.024,79.0489
1971-12-01,39.2035,72109.0,4184.5,431500.257,26.192,79.5848
1972-01-01,40.1408,72441.0,4208.2,436061.565,26.196,81.3995
1972-02-01,40.5459,72648.0,4231.9,431354.862,26.259,81.8563
1972-03-01,40.8263,72944.0,4259.5,439346.765,26.686,82.2062
1972-04-01,41.2348,73162.0,4273.3,442331.562,26.764,82.8926
1972-05-01,41.2405,73469.0,4291.2,445055.61,26.898,82.8225
1972-06-01,41.3497,73758.0,4304.2,446997.41,26.985,82.893
1972-07-01,41.3035,73709.0,4332.2,444221.693,27.184,82.6441
1972-08-01,41.879,74141.0,4375.5,454870.354,27.33,83.5285
1972-09-01,42.2132,74264.0,4396.4,462692.829,27.377,83.9714
1972-10-01,42.7494,74674.0,4471.0,469079.382,27.829,84.9134
1972-11-01,43.2548,74973.0,4504.1,478052.999,27.938,85.7175
1972-12-01,43.7367,75268.0,4530.8,484428.738,28.045,86.5759
1973-01-01,44.0529,75617.0,4506.6,490599.001,28.319,86.9787
1973-02-01,44.6827,76014.0,4523.8,491365.627,28.493,88.0795
1973-03-01,44.7045,76284.0,4525.8,489403.4,28.53,87.9606
1973-04-01,44.6387,76455.0,4539.4,487378.688,28.418,87.5274
1973-05-01,44.9429,76648.0,4556.1,485816.596,28.478,87.814
1973-06-01,45.0035,76887.0,4573.5,484846.898,28.407,87.5399
1973-07-01,45.1636,76913.0,4591.5,491454.547,28.633,87.5919
1973-08-01,45.1019,77168.0,4573.1,481298.546,28.278,87.078
1973-09-01,45.4624,77276.0,4601.6,484620.995,28.693,87.4473
1973-10-01,45.847,77607.0,4644.2,497051.642,28.496,88.0325
1973-11-01,46.0553,77920.0,4654.9,505091.609,28.547,88.3454
1973-12-01,45.923,78031.0,4644.0,498331.356,28.305,88.0841
1974-01-01,45.6204,78100.0,4589.0,498780.758,28.289,87.1054
1974-02-01,45.4759,78254.0,4559.3,496333.08,28.126,86.4706
1974-03-01,45.4777,78296.0,4527.8,498011.728,28.17,86.1093
1974-04-01,45.3451,78382.0,4505.4,494381.666,28.264,85.4785
1974-05-01,45.7044,78549.0,4508.4,496557.781,28.346,85.8682
1974-06-01,45.6238,78604.0,4506.5,494825.06,28.279,85.6518
1974-07-01,45.7221,78636.0,4510.0,493693.144,28.372,85.4232
1974-08-01,45.2366,78619.0,4503.6,488904.732,28.584,84.4351
1974-09-01,45.2365,78610.0,4498.0,484762.785,28.298,84.2268
1974-10-01,45.1133,78630.0,4507.8,476462.069,28.22,83.4984
1974-11-01,43.6278,78265.0,4472.5,471363.641,27.921,80.8351
1974-12-01,42.0533,77652.0,4456.0,457546.337,27.867,77.0007
1975-01-01,41.4676,77293.0,4442.2,456397.599,28.094,75.2764
1975-02-01,40.5165,76918.0,4421.8,453447.648,28.339,73.064
1975-03-01,40.0638,76648.0,4421.6,439827.408,28.279,71.9398
1975-04-01,40.1573,76460.0,4416.5,444233.709,28.311,71.8607
1975-05-01,40.0253,76624.0,4439.9,444131.573,28.877,71.62
1975-06-01,40.2772,76521.0,4449.0,448124.52,28.918,72.1061
1975-07-01,40.6994,76770.0,4447.1,450349.9,29.035,73.0185
1975-08-01,41.0998,77153.0,4484.7,455633.376,29.11,73.6354
1975-09-01,41.6304,77228.0,4497.5,456724.437,29.184,74.734
1975-10-01,41.8135,77540.0,4516.9,457281.983,29.182,74.9983
1975-11-01,41.8697,77685.0,4526.8,456611.485,29.403,74.9692
1975-12-01,42.4414,78017.0,4528.7,461447.962,29.684,75.91
1976-01-01,43.0012,78503.0,4553.5,472872.862,29.978,76.6358
1976-02-01,43.4229,78816.0,4583.4,474949.243,29.953,77.5836
1976-03-01,43.5168,79048.0,4601.8,478539.651,30.102,77.6553
1976-04-01,43.7327,79292.0,4626.6,480828.717,30.317,77.9206
1976-05-01,43.9186,79312.0,4640.8,480297.605,30.1,78.1365
1976-06-01,43.9637,79376.0,4644.1,486201.111,30.444,78.0268
1976-07-01,44.2141,79547.0,4660.0,486539.965,30.532,78.4157
1976-08-01,44.5182,79704.0,4678.0,488221.016,30.586,78.7235
1976-09-01,44.6721,79892.0,4685.6,489634.109,30.7,78.7621
1976-10-01,44.6585,79911.0,4689.5,483856.772,30.748,78.4713
1976-11-01,45.3392,80240.0,4728.2,491901.545,30.926,79.2971
1976-12-01,45.8294,80448.0,4744.1,504644.61,31.336,79.9478
1977-01-01,45.5087,80690.0,4726.1,501353.403,31.246,79.4033
1977-02-01,46.2277,80988.0,4743.2,508170.132,31.42,80.66
1977-03-01,46.8185,81391.0,4765.4,514317.564,31.441,81.6244
1977-04-01,47.2684,81728.0,4789.3,513695.131,31.485,82.2802
1977-05-01,47.6411,82088.0,4814.4,514019.565,31.572,82.7173
1977-06-01,48.0116,82488.0,4829.7,518656.575,31.56,83.2306
1977-07-01,48.073,82834.0,4848.1,520068.466,31.816,82.9907
1977-08-01,48.1205,83075.0,4861.6,520927.616,31.798,83.2056
1977-09-01,48.3189,83532.0,4900.6,522840.578,31.897,83.0259
1977-10-01,48.3871,83800.0,4956.6,526756.622,32.164,82.9403
1977-11-01,48.4761,84173.0,4987.6,529163.446,32.36,82.9124
1977-12-01,48.5629,84410.0,5014.3,536176.037,32.424,83.5851
1978-01-01,47.8481,84594.0,4995.2,519760.854,32.077,82.0671
1978-02-01,48.1044,84948.0,5021.5,531680.817,32.545,82.1608
1978-03-01,49.0265,85460.0,5052.8,537019.566,32.87,83.3689
1978-04-01,50.0206,86162.0,5093.2,553289.355,33.068,84.4329
1978-05-01,50.254,86509.0,5095.2,552763.05,33.2,84.5704
1978-06-01,50.5801,86950.0,5124.9,555827.153,33.308,84.9295
1978-07-01,50.5384,87204.0,5136.2,551247.821,33.15,84.5923
1978-08-01,50.7458,87483.0,5159.7,558437.048,33.449,84.7647
1978-09-01,50.8744,87621.0,5173.3,557162.141,33.395,84.8911
1978-10-01,51.2559,87956.0,5195.9,562133.198,33.452,85.2079
1978-11-01,51.6514,88391.0,5202.6,564568.86,33.573,85.7394
1978-12-01,51.909,88671.0,5236.1,567590.907,33.776,86.0919
1979-01-01,51.6278,88808.0,5248.7,561382.192,33.654,85.2284
1979-02-01,51.8752,89055.0,5278.5,558729.039,33.818,85.2335
1979-03-01,52.0446,89479.0,5294.3,574897.892,33.851,85.406
1979-04-01,51.4193,89417.0,5242.7,559387.521,33.66,83.7026
1979-05-01,51.8856,89789.0,5227.5,571771.305,33.755,84.6494
1979-06-01,51.8965,90108.0,5235.8,565933.888,33.842,84.5164
1979-07-01,51.8097,90217.0,5241.8,565217.729,33.809,84.3581
1979-08-01,51.4684,90300.0,5250.9,566199.443,34.175,83.0842
1979-09-01,51.4597,90327.0,5254.8,563003.163,34.259,82.9464
1979-10-01,51.8334,90481.0,5253.6,561320.91,34.142,83.2059
1979-11-01,51.7531,90573.0,5270.2,561533.595,34.229,82.7573
1979-12-01,51.7878,90672.0,5283.1,559893.399,34.127,82.7932
1980-01-01,52.0679,90800.0,5277.0,564633.747,34.401,83.04
1980-02-01,52.082,90883.0,5256.5,559322.634,34.114,82.768
1980-03-01,51.87,90994.0,5238.5,546586.779,33.836,81.8982
1980-04-01,50.8397,90849.0,5228.0,534885.508,33.405,80.0641
1980-05-01,49.589,90420.0,5206.0,528037.538,33.242,77.5384
1980-06-01,48.9482,90101.0,5214.4,526517.502,33.398,76.1459
1980-07-01,48.6039,89840.0,5196.7,533161.199,33.685,75.2353
1980-08-01,48.7563,90099.0,5215.0,537003.945,33.725,75.5718
1980-09-01,49.5608,90213.0,5232.4,548314.693,33.732,76.636
1980-10-01,50.1908,90490.0,5292.9,559766.028,34.153,77.8126
1980-11-01,51.0311,90747.0,5317.8,560138.527,34.058,78.9895
1980-12-01,51.3708,90943.0,5339.5,561521.579,34.299,79.1106
1981-01-01,51.0415,91033.0,5324.9,564940.157,34.308,78.5433
1981-02-01,50.824,91105.0,5309.3,562611.438,34.222,77.9137
1981-03-01,51.0826,91210.0,5324.6,556799.255,34.322,77.9371
1981-04-01,50.858,91283.0,5320.2,557110.472,34.199,78.1305
1981-05-01,51.1495,91296.0,5337.2,553170.395,34.215,78.2901
1981-06-01,51.4101,91490.0,5370.9,551710.44,34.447,77.7009
1981-07-01,51.7471,91601.0,5427.8,552979.339,34.376,77.6454
1981-08-01,51.6826,91565.0,5454.8,550764.774,34.594,77.4189
1981-09-01,51.4337,91477.0,5449.5,546976.1,34.367,76.9439
1981-10-01,51.0281,91380.0,5430.4,539542.946,34.183,75.9541
1981-11-01,50.435,91171.0,5433.5,535372.16,34.118,74.8132
1981-12-01,49.8987,90895.0,5430.3,528441.278,34.328,73.4182
1982-01-01,48.8685,90565.0,5419.4,525660.755,34.267,71.4208
1982-02-01,49.8636,90563.0,5439.4,534051.592,34.578,73.3026
1982-03-01,49.5323,90434.0,5435.0,534478.163,34.54,72.6304
1982-04-01,49.075,90150.0,5466.4,535081.371,34.56,71.9168
1982-05-01,48.7483,90107.0,5468.1,537835.459,34.664,71.6519
1982-06-01,48.6214,89865.0,5445.2,530210.047,34.476,71.4748
1982-07-01,48.4616,89521.0,5425.2,528166.11,34.678,71.2834
1982-08-01,48.0192,89363.0,5436.7,523323.625,34.703,70.5349
1982-09-01,47.9008,89183.0,5425.8,524334.178,35.015,70.3372
1982-10-01,47.4371,88907.0,5415.4,518937.752,35.169,69.3736
1982-11-01,47.283,88786.0,5419.9,520350.844,35.452,68.9279
1982-12-01,46.9485,88771.0,5451.9,518920.929,35.603,68.6719
1983-01-01,47.8234,88990.0,5458.2,528823.39,35.639,70.2066
1983-02-01,47.5233,88917.0,5458.5,526595.607,35.63,70.1121
1983-03-01,47.9244,89090.0,5480.2,535427.434,36.005,70.7376
1983-04-01,48.5311,89364.0,5489.2,535378.168,36.226,71.5673
1983-05-01,48.8239,89644.0,5514.5,543698.11,36.441,72.3638
1983-06-01,49.123,90021.0,5529.9,557666.817,36.792,72.9112
1983-07-01,49.8546,90437.0,5562.4,557370.019,37.042,73.9127
1983-08-01,50.4443,90129.0,5555.9,556459.2,37.14,74.5144
1983-09-01,51.178,91247.0,5604.1,564975.004,37.24,75.8371
1983-10-01,51.5693,91520.0,5668.5,571165.694,37.538,76.5587
1983-11-01,51.7993,91875.0,5703.9,577027.144,37.623,76.8777
1983-12-01,52.0594,92230.0,5755.7,587714.256,38.036,77.0038
1984-01-01,53.0985,92673.0,5777.9,591512.542,38.277,78.283
1984-02-01,53.3318,93157.0,5819.3,591194.116,37.772,79.0178
1984-03-01,53.5929,93429.0,5856.2,591699.993,38.087,79.2532
1984-04-01,53.91,93792.0,5896.5,594977.983,38.348,79.4777
1984-05-01,54.2026,94098.0,5912.7,599678.678,38.564,79.5758
1984-06-01,54.4014,94479.0,5961.8,605012.621,38.824,79.7745
1984-07-01,54.5521,94789.0,5978.9,601781.494,38.669,79.9006
1984-08-01,54.6083,95032.0,6019.6,601630.092,38.822,79.8447
1984-09-01,54.4466,95344.0,6075.2,600888.699,39.103,79.3255
1984-10-01,54.4406,95629.0,6049.7,603409.675,38.973,79.5661
1984-11-01,54.624,95982.0,6083.4,608766.448,39.535,79.5357
1984-12-01,54.6416,96107.0,6112.7,609494.624,39.596,79.479
1985-01-01,54.6322,96372.0,6106.5,607972.185,39.951,79.103
1985-02-01,54.7825,96503.0,6111.5,610042.557,40.1,78.542
1985-03-01,54.8653,96842.0,6140.2,615382.508,40.06,78.9148
1985-04-01,54.7459,97038.0,6128.2,614751.664,40.169,78.3803
1985-05-01,54.8255,97312.0,6144.9,621873.601,40.63,78.3157
1985-06-01,54.7989,97459.0,6171.1,611587.827,40.415,78.1342
1985-07-01,54.5396,97648.0,6169.5,612761.799,40.71,77.6564
1985-08-01,54.7055,97840.0,6180.7,623898.313,41.12,77.8356
1985-09-01,54.8906,98045.0,6209.5,625572.154,41.685,77.6841
1985-10-01,54.7199,98233.0,6242.3,619804.43,41.037,77.4161
1985-11-01,54.9124,98443.0,6252.6,624340.505,41.146,77.8151
1985-12-01,55.4412,98609.0,6295.7,621004.838,41.601,77.948
1986-01-01,55.7481,98732.0,6277.3,630338.938,41.643,78.7842
1986-02-01,55.3568,98847.0,6310.2,626753.336,41.54,78.267
1986-03-01,54.9625,98934.0,6369.7,627364.955,41.682,77.9205
1986-04-01,55.0413,99121.0,6390.2,639997.472,41.939,78.2571
1986-05-01,55.1226,99248.0,6394.4,633859.653,42.191,78.2798
1986-06-01,54.9005,99155.0,6395.7,637925.898,42.096,77.8771
1986-07-01,55.2592,99473.0,6416.9,641695.346,42.373,78.2626
1986-08-01,55.1567,99588.0,6441.9,642607.368,42.576,78.3482
1986-09-01,55.2975,99934.0,6448.0,657852.183,43.509,78.4495
1986-10-01,55.5332,100121.0,6448.9,648561.341,42.862,78.6211
1986-11-01,55.7557,100308.0,6461.9,646573.879,42.72,78.7665
1986-12-01,56.2845,100509.0,6485.2,660110.007,43.662,79.3729
1987-01-01,56.0882,100678.0,6473.4,639270.499,42.566,78.9108
1987-02-01,56.8275,100919.0,6493.4,662329.379,43.374,79.8877
1987-03-01,56.9098,101164.0,6511.4,662965.03,43.426,79.7376
1987-04-01,57.2701,101499.0,6507.7,661061.681,43.632,79.9812
1987-05-01,57.6322,101728.0,6542.1,659958.604,43.658,80.3199
1987-06-01,57.9307,101900.0,6546.4,663252.215,43.841,80.4169
1987-07-01,58.3258,102247.0,6570.7,669004.318,44.054,80.8279
1987-08-01,58.7636,102420.0,6613.8,666054.367,44.391,81.0626
1987-09-01,58.9951,102647.0,6622.5,673394.998,44.182,81.4604
1987-10-01,59.781,103138.0,6670.6,672618.758,44.155,82.4562
1987-11-01,60.0726,103372.0,6709.9,670755.062,44.207,82.7578
1987-12-01,60.4095,103661.0,6793.8,676438.674,44.545,83.1933
1988-01-01,60.3976,103753.0,6765.9,674894.606,44.927,82.9076
1988-02-01,60.7003,104214.0,6800.9,682522.421,44.969,83.1047
1988-03-01,60.8501,104489.0,6808.8,693454.661,45.359,83.286
1988-04-01,61.2031,104732.0,6839.6,689735.681,45.173,83.9899
1988-05-01,61.0797,104962.0,6848.1,691900.981,45.466,83.738
1988-06-01,61.2569,105326.0,6876.1,698684.064,45.615,83.8874
1988-07-01,61.2659,105550.0,6911.5,695850.67,45.725,83.8048
1988-08-01,61.5731,105674.0,6929.8,696253.209,45.934,83.9
1988-09-01,61.3807,106013.0,6946.2,699007.297,45.806,84.1347
1988-10-01,61.6453,106276.0,6989.1,704433.764,46.181,84.438
1988-11-01,61.7944,106617.0,6988.0,707153.006,46.298,84.6678
1988-12-01,62.0743,106898.0,7026.0,716370.55,46.55,84.9862
1989-01-01,62.2574,107161.0,7072.7,717188.846,46.633,85.5469
1989-02-01,61.9819,107427.0,7093.0,709350.749,46.535,84.5959
1989-03-01,62.1369,107621.0,7121.5,705128.294,46.505,84.3714
1989-04-01,62.1276,107791.0,7099.5,711559.307,46.781,84.3464
1989-05-01,61.7744,107913.0,7066.7,708387.058,46.726,83.518
1989-06-01,61.7697,108027.0,7084.0,706202.533,46.818,83.4391
1989-07-01,61.1738,108069.0,7108.6,698959.233,46.957,82.2513
1989-08-01,61.7732,108120.0,7120.2,716702.194,47.408,82.8147
1989-09-01,61.5796,108369.0,7137.5,711680.669,47.319,82.423
1989-10-01,61.4966,108476.0,7172.8,704809.868,47.287,81.9997
1989-11-01,61.7044,108752.0,7175.1,711113.51,47.31,81.9613
1989-12-01,62.0428,108836.0,7185.9,713463.857,47.702,81.7522
1990-01-01,61.729,109196.0,7184.9,707890.794,47.94,81.5063
1990-02-01,62.2896,109436.0,7210.5,718408.479,47.698,82.3926
1990-03-01,62.5999,109640.0,7216.8,722594.885,47.859,82.6004
1990-04-01,62.4359,109674.0,7262.7,714267.734,47.95,82.0368
1990-05-01,62.6258,109828.0,7252.9,720071.506,47.916,82.1004
1990-06-01,62.8382,109850.0,7261.7,721932.799,48.068,82.171
1990-07-01,62.7284,109815.0,7289.9,718064.819,48.166,81.8082
1990-08-01,62.9475,109607.0,7242.0,725287.691,48.181,81.9327
1990-09-01,62.9523,109522.0,7231.3,711952.233,48.158,81.6281
1990-10-01,62.5845,109377.0,7159.5,708898.944,47.889,80.9966
1990-11-01,61.7887,109222.0,7156.9,700518.922,47.845,79.8882
1990-12-01,61.3352,109168.0,7186.8,693227.557,47.67,79.1292
1991-01-01,61.1355,109058.0,7117.2,688659.039,47.241,78.5469
1991-02-01,60.6838,108735.0,7116.1,692734.897,47.533,77.8987
1991-03-01,60.3346,108568.0,7120.0,688729.934,48.092,77.2211
1991-04-01,60.4938,108350.0,7136.9,702300.908,47.933,77.4894
1991-05-01,61.0633,108253.0,7134.8,708061.422,48.055,77.9033
1991-06-01,61.5581,108330.0,7174.5,704890.376,48.063,78.5531
1991-07-01,61.7305,108290.0,7156.6,714091.097,48.297,78.9063
1991-08-01,61.7298,108300.0,7166.3,711082.268,48.224,78.909
1991-09-01,62.2195,108335.0,7185.1,714123.541,48.247,79.584
1991-10-01,62.1855,108361.0,7169.7,714844.506,48.053,79.4507
1991-11-01,62.0871,108300.0,7186.3,712530.207,48.28,79.1399
1991-12-01,61.7852,108330.0,7232.8,703459.259,48.363,78.7793
1992-01-01,61.4616,108365.0,7251.5,717085.507,49.068,78.1764
1992-02-01,61.8955,108312.0,7290.1,718889.123,49.123,78.6896
1992-03-01,62.4232,108367.0,7294.4,721782.597,49.213,79.3214
1992-04-01,62.897,108516.0,7313.2,726592.639,49.254,79.5506
1992-05-01,63.104,108646.0,7352.4,720270.973,49.509,79.8097
1992-06-01,63.1363,108706.0,7384.2,727863.941,49.643,79.8526
1992-07-01,63.7176,108793.0,7373.5,737611.395,49.808,80.3764
1992-08-01,63.3613,108916.0,7401.0,725877.682,49.932,79.7617
1992-09-01,63.5703,108951.0,7363.9,735969.997,50.257,79.6862
1992-10-01,63.9995,109139.0,7321.0,738948.786,50.426,79.9437
1992-11-01,64.2422,109283.0,7353.6,740208.073,50.512,80.0445
1992-12-01,64.3507,109502.0,7655.0,751730.303,50.845,79.8526
1993-01-01,64.5978,109790.0,7390.7,753613.224,50.772,80.4309
1993-02-01,64.9089,110047.0,7432.5,752647.131,50.866,80.513
1993-03-01,64.8522,110004.0,7403.9,747888.758,50.728,80.2329
1993-04-01,65.0301,110300.0,7473.1,751753.133,51.07,80.4777
1993-05-01,64.784,110571.0,7476.3,752943.928,51.248,80.2625
1993-06-01,64.9301,110742.0,7456.5,759904.85,51.434,80.052
1993-07-01,65.1052,111054.0,7477.1,756227.926,51.687,80.1149
1993-08-01,65.0267,111200.0,7489.9,760103.116,51.739,79.8052
1993-09-01,65.3717,111448.0,7469.1,766871.78,52.036,80.2402
1993-10-01,65.8509,111734.0,7439.5,770147.367,52.117,80.752
1993-11-01,66.1518,111987.0,7461.7,774098.258,52.263,80.9708
1993-12-01,66.5436,112325.0,7752.5,776545.935,52.447,81.3076
1994-01-01,66.7351,112601.0,7565.0,777430.32,52.59,81.1677
1994-02-01,66.774,112782.0,7574.1,784541.443,53.012,81.0802
1994-03-01,67.4552,113245.0,7597.7,797604.136,53.019,81.933
1994-04-01,67.8541,113589.0,7676.1,793403.311,53.243,82.4124
1994-05-01,68.1663,113922.0,7698.1,795323.482,53.147,82.6321
1994-06-01,68.6265,114239.0,7687.8,802624.459,53.465,82.6188
1994-07-01,68.7178,114608.0,7706.9,799106.148,53.43,82.6498
1994-08-01,69.1785,114902.0,7716.3,817976.218,53.782,83.089
1994-09-01,69.3961,115246.0,7752.9,814435.076,53.862,83.1397
1994-10-01,69.9544,115457.0,7815.2,820651.0,54.197,83.6095
1994-11-01,70.4326,115867.0,7811.0,827881.083,54.237,83.9976
1994-12-01,71.1523,116174.0,7843.2,834098.208,54.381,84.6166
1995-01-01,71.2734,116505.0,7865.0,837783.544,54.379,84.4175
1995-02-01,71.193,116694.0,7881.4,833069.631,54.278,83.9078
1995-03-01,71.3113,116908.0,7899.5,832775.237,54.564,83.8217
1995-04-01,71.1882,117066.0,7912.6,826543.692,54.475,83.2082
1995-05-01,71.5378,117046.0,7912.5,832629.842,54.869,83.1916
1995-06-01,71.7749,117291.0,7948.3,840655.39,55.308,83.2331
1995-07-01,71.4748,117382.0,7974.2,830716.88,55.158,82.3071
1995-08-01,72.4223,117646.0,7989.2,847545.417,55.428,82.8963
1995-09-01,72.7144,117873.0,8026.4,846509.63,55.558,83.25
1995-10-01,72.5866,118026.0,8050.8,846951.822,55.342,82.7324
1995-11-01,72.7779,118165.0,8085.1,853885.107,55.803,82.4035
1995-12-01,73.0305,118325.0,8094.0,857932.126,56.158,82.2529
1996-01-01,72.6125,118317.0,8102.2,849368.258,55.905,81.2592
1996-02-01,73.6752,118738.0,8172.2,857042.936,56.334,82.0152
1996-03-01,73.585,118992.0,8196.0,857469.507,56.607,81.4024
1996-04-01,74.3172,119158.0,8210.4,865141.781,56.816,81.9406
1996-05-01,74.8726,119497.0,8251.9,871724.196,56.89,82.1342
1996-06-01,75.4433,119770.0,8312.8,867614.693,56.956,82.4584
1996-07-01,75.4549,120019.0,8303.0,874466.269,57.077,82.38
1996-08-01,75.8411,120198.0,8338.0,877467.888,57.273,82.3084
1996-09-01,76.3158,120400.0,8369.8,880151.082,57.346,82.4969
1996-10-01,76.3384,120665.0,8375.9,887041.109,57.516,82.0128
1996-11-01,77.0397,120947.0,8405.9,893603.096,57.659,82.3142
1996-12-01,77.5333,121143.0,8442.0,887167.277,57.888,82.5699
1997-01-01,77.6562,121356.0,8477.0,898609.0,58.162,82.2119
1997-02-01,78.5833,121673.0,8516.0,916958.0,58.285,82.8966
1997-03-01,79.082,121991.0,8555.7,917376.0,58.441,83.2201
1997-04-01,79.1747,122289.0,8568.6,920441.0,58.438,82.7028
1997-05-01,79.6133,122560.0,8614.9,920215.0,58.474,82.788
1997-06-01,79.9792,122816.0,8648.6,932603.0,58.763,82.7944
1997-07-01,80.6624,123114.0,8692.3,942048.0,59.312,82.902
1997-08-01,81.4694,123087.0,8748.6,939378.0,59.672,83.3485
1997-09-01,82.2156,123575.0,8778.2,946972.0,59.684,83.5136
1997-10-01,82.9446,123924.0,8831.7,944230.0,59.989,83.6688
1997-11-01,83.5978,124225.0,8902.2,954274.0,60.235,83.8583
1997-12-01,83.9538,124549.0,8957.7,951871.0,60.579,83.6515
1998-01-01,84.3218,124806.0,9045.0,953719.0,60.525,83.6492
1998-02-01,84.4583,125017.0,9112.6,967109.0,60.918,83.1551
1998-03-01,84.488,125165.0,9171.8,971898.0,61.189,82.3971
1998-04-01,84.7779,125445.0,9212.6,973216.0,61.516,82.1691
1998-05-01,85.3367,125845.0,9262.9,976540.0,61.961,82.0271
1998-06-01,84.8248,126076.0,9319.7,972634.0,62.372,80.8666
1998-07-01,84.4986,126212.0,9343.9,966951.0,62.412,80.0244
1998-08-01,86.248,126546.0,9384.0,977500.0,62.697,81.4968
1998-09-01,86.2021,126744.0,9414.7,986814.0,63.163,80.9731
1998-10-01,86.7914,126949.0,9433.7,995183.0,63.376,81.2168
1998-11-01,86.7256,127222.0,9478.1,999456.0,63.548,80.9192
1998-12-01,87.1185,127595.0,9497.8,1007152.0,64.067,81.0067
1999-01-01,87.4949,127699.0,9526.4,1005803.0,64.013,80.8313
1999-02-01,88.027,128117.0,9569.7,1021353.0,64.316,81.1755
1999-03-01,88.2267,128234.0,9574.7,1019851.0,64.624,80.8083
1999-04-01,88.4295,128595.0,9556.6,1018152.0,65.011,80.7354
1999-05-01,88.9886,128813.0,9577.7,1033086.0,65.311,81.0344
1999-06-01,88.9188,129084.0,9612.4,1034140.0,65.586,80.4957
1999-07-01,89.4333,129422.0,9639.2,1035484.0,65.697,80.4847
1999-08-01,89.7924,129572.0,9681.7,1043658.0,66.041,80.634
1999-09-01,89.4299,129771.0,9676.6,1041766.0,66.372,79.9785
1999-10-01,90.523,130178.0,9739.5,1050919.0,66.518,80.7666
1999-11-01,90.9618,130466.0,9816.9,1056351.0,66.845,80.9602
1999-12-01,91.6634,130783.0,9904.0,1060927.0,67.645,81.1849
2000-01-01,91.538,131011.0,10000.3,1069375.0,67.481,80.8292
2000-02-01,91.8239,131120.0,10045.9,1050132.0,68.116,80.6792
2000-03-01,92.1504,131604.0,10078.6,1062548.0,68.451,80.8587
2000-04-01,92.6989,131884.0,10127.6,1071378.0,68.431,81.0265
2000-05-01,92.9499,132105.0,10135.7,1065692.0,68.688,80.701
2000-06-01,92.9862,132063.0,10184.3,1072737.0,68.834,80.5159
2000-07-01,92.8048,132228.0,10244.3,1065977.0,68.882,80.2704
2000-08-01,92.5521,132234.0,10298.3,1066347.0,69.236,79.4606
2000-09-01,92.9792,132337.0,10308.4,1077852.0,69.808,79.5715
2000-10-01,92.6179,132352.0,10337.7,1069627.0,69.765,78.9447
2000-11-01,92.6438,132556.0,10350.5,1061839.0,69.829,78.447
2000-12-01,92.3415,132716.0,10354.8,1070164.0,70.149,77.6908
2001-01-01,91.902,132703.0,10400.3,1061578.0,70.164,77.1264
2001-02-01,91.3034,132788.0,10421.6,1066262.0,70.199,76.3313
2001-03-01,91.1162,132751.0,10452.6,1053481.0,70.141,75.9107
2001-04-01,90.7891,132458.0,10410.4,1045172.0,70.094,75.3521
2001-05-01,90.3555,132408.0,10376.7,1054208.0,70.394,74.7304
2001-06-01,89.8784,132300.0,10362.4,1039840.0,70.438,74.097
2001-07-01,89.3028,132172.0,10360.8,1043806.0,70.588,73.5073
2001-08-01,89.2003,132021.0,10353.3,1052430.0,70.989,73.0372
2001-09-01,88.7485,131763.0,10339.7,1030304.0,70.084,72.5829
2001-10-01,88.5052,131452.0,10281.1,1060915.0,71.89,72.1596
2001-11-01,87.97,131144.0,10274.1,1055757.0,71.633,71.7544
2001-12-01,87.9324,130983.0,10277.7,1057834.0,71.552,71.7863
2002-01-01,88.5176,130859.0,10282.4,1056809.0,71.667,72.1618
2002-02-01,88.5278,130737.0,10284.8,1060653.0,71.951,72.088
2002-03-01,89.1686,130722.0,10284.1,1055421.0,71.937,72.5091
2002-04-01,89.604,130616.0,10280.0,1067559.0,72.321,72.6845
2002-05-01,89.964,130632.0,10307.9,1069774.0,72.041,73.0064
2002-06-01,90.7061,130674.0,10339.8,1073259.0,72.283,73.7004
2002-07-01,90.6769,130584.0,10302.9,1070268.0,72.762,73.6162
2002-08-01,90.5762,130581.0,10300.4,1080545.0,72.868,73.6831
2002-09-01,90.6531,130502.0,10302.1,1071285.0,72.531,73.7166
2002-10-01,90.4643,130617.0,10322.1,1066346.0,72.827,73.5323
2002-11-01,90.9711,130616.0,10344.9,1077771.0,73.035,73.9162
2002-12-01,90.4652,130465.0,10360.2,1069405.0,73.513,73.4884
2003-01-01,91.2361,130573.0,10324.3,1075692.0,73.503,74.1095
2003-02-01,91.3445,130441.0,10285.2,1063803.0,73.266,74.0295
2003-03-01,91.1044,130235.0,10298.6,1073501.0,73.687,74.1193
2003-04-01,90.5617,130173.0,10341.0,1070393.0,74.035,73.6009
2003-05-01,90.537,130197.0,10417.3,1079781.0,74.273,73.6471
2003-06-01,90.6527,130186.0,10450.0,1089890.0,74.671,73.9947
2003-07-01,91.1185,130184.0,10457.1,1098175.0,75.008,74.2472
2003-08-01,90.9197,130153.0,10473.1,1097724.0,75.672,73.9161
2003-09-01,91.5059,130252.0,10491.3,1102189.0,75.452,74.5478
2003-10-01,91.6186,130439.0,10547.7,1104794.0,75.574,74.647
2003-11-01,92.2329,130480.0,10621.1,1109066.0,76.008,75.3087
2003-12-01,92.2602,130589.0,10611.8,1105930.0,76.108,75.2623
2004-01-01,92.4006,130756.0,10578.0,1100415.0,76.355,75.2136
2004-02-01,92.958,130821.0,10580.1,1108947.0,76.51,75.8069
2004-03-01,92.5861,131140.0,10619.2,1134983.0,76.947,75.8094
2004-04-01,92.93,131412.0,10655.2,1122891.0,76.884,76.0725
2004-05-01,93.6013,131697.0,10720.8,1126018.0,77.289,76.628
2004-06-01,92.871,131794.0,10734.6,1124971.0,76.892,76.1259
2004-07-01,93.5649,131854.0,10788.8,1126633.0,77.568,76.8104
2004-08-01,93.6277,131939.0,10816.8,1136416.0,77.855,77.1402
2004-09-01,93.7467,132089.0,10834.4,1141076.0,78.358,77.1344
2004-10-01,94.5465,132429.0,10842.5,1143491.0,78.542,77.7669
2004-11-01,94.7813,132503.0,10809.0,1145583.0,78.683,77.7031
2004-12-01,95.5365,132630.0,11216.7,1163441.0,79.199,78.2322
2005-01-01,95.8801,132781.0,10842.0,1167649.0,79.033,78.6268
2005-02-01,96.5761,133034.0,10836.7,1168023.0,79.383,79.1803
2005-03-01,96.4456,133154.0,10877.8,1160056.0,79.51,78.6751
2005-04-01,96.6532,133520.0,10909.6,1177581.0,80.026,78.8731
2005-05-01,96.7402,133689.0,10963.9,1175330.0,79.917,78.9331
2005-06-01,97.1753,133948.0,10996.5,1186461.0,80.62,78.9349
2005-07-01,96.8676,134300.0,11029.5,1185681.0,81.199,78.4897
2005-08-01,97.1833,134502.0,11028.8,1188599.0,80.839,78.7308
2005-09-01,95.3005,134552.0,10998.5,1182865.0,80.521,77.6962
2005-10-01,96.4572,134641.0,11081.4,1182725.0,80.738,78.6389
2005-11-01,97.5414,134997.0,11158.5,1198972.0,80.976,79.1894
2005-12-01,98.0452,135159.0,11206.7,1205870.0,81.292,79.1365
2006-01-01,98.1999,135427.0,11309.9,1212206.0,81.714,79.5941
2006-02-01,98.2413,135733.0,11389.7,1215079.0,81.885,79.2317
2006-03-01,98.4628,136038.0,11441.6,1217128.0,82.057,79.0731
2006-04-01,98.7618,136210.0,11453.9,1205627.0,82.203,79.2153
2006-05-01,98.7869,136249.0,11437.1,1215535.0,82.341,78.8787
2006-06-01,99.0997,136337.0,11447.3,1212189.0,82.386,78.9462
2006-07-01,99.0489,136529.0,11430.6,1206927.0,82.851,78.5463
2006-08-01,99.4836,136692.0,11414.5,1213695.0,82.576,78.9594
2006-09-01,99.3183,136826.0,11486.6,1213475.0,83.088,78.8808
2006-10-01,99.2044,136843.0,11562.6,1214355.0,83.447,78.3488
2006-11-01,99.1627,137060.0,11624.9,1215059.0,83.477,78.2681
2006-12-01,100.1735,137249.0,11683.5,1234494.0,83.961,79.227
2007-01-01,99.8346,137472.0,11666.7,1226965.0,84.127,78.781
2007-02-01,100.7753,137560.0,11713.7,1234327.0,84.106,78.8347
2007-03-01,100.9547,137784.0,11765.5,1235875.0,84.2,79.285
2007-04-01,101.6334,137847.0,11801.5,1233744.0,84.281,79.5845
2007-05-01,101.7306,137992.0,11811.5,1242000.0,84.405,79.3763
2007-06-01,101.7893,138070.0,11807.8,1240587.0,84.409,79.4851
2007-07-01,101.6672,138044.0,11812.0,1233195.0,84.666,79.2955
2007-08-01,101.863,138013.0,11798.6,1248674.0,85.023,78.8946
2007-09-01,102.0894,138099.0,11808.3,1249279.0,85.095,78.9517
2007-10-01,101.8015,138175.0,11791.6,1255916.0,85.162,78.7002
2007-11-01,102.3446,138290.0,11784.9,1252867.0,85.34,78.9719
2007-12-01,102.3803,138395.0,11825.3,1242662.0,85.286,78.9954
2008-01-01,102.2448,138391.0,11830.2,1248910.0,85.272,78.7582
2008-02-01,101.8438,138329.0,11841.2,1236974.0,84.977,78.161
2008-03-01,101.5336,138259.0,11844.7,1220580.0,85.189,77.8244
2008-04-01,100.8785,138040.0,11775.0,1233018.0,85.327,77.0718
2008-05-01,100.2674,137851.0,11728.6,1224494.0,85.486,76.6191
2008-06-01,100.0335,137700.0,11669.1,1222857.0,85.328,76.1328
2008-07-01,99.676,137497.0,11623.9,1201769.0,84.917,75.4485
2008-08-01,98.1111,137211.0,11680.1,1192943.0,84.907,74.544
2008-09-01,93.7895,136760.0,11678.3,1163601.0,84.343,72.0301
2008-10-01,94.7219,136291.0,11749.8,1152758.0,84.213,71.6296
2008-11-01,93.4715,135541.0,11812.4,1121305.0,83.955,69.9172
2008-12-01,90.8357,134847.0,11680.5,1115214.0,83.711,67.6607
2009-01-01,88.57,134079.0,11475.8,1091570.0,84.092,65.5546
2009-02-01,88.031,133318.0,11296.4,1098345.0,83.747,65.5782
2009-03-01,86.6528,132494.0,11225.3,1075682.0,83.401,64.4771
2009-04-01,85.9344,131822.0,11215.7,1067305.0,83.277,64.107
2009-05-01,85.0665,131466.0,11207.2,1067765.0,83.353,63.5243
2009-06-01,84.7459,131008.0,11120.7,1066077.0,83.376,63.4322
2009-07-01,85.7027,130662.0,11067.3,1081824.0,83.654,64.4955
2009-08-01,86.6426,130472.0,11040.4,1082444.0,84.406,65.3114
2009-09-01,87.4063,130246.0,11032.9,1083725.0,83.627,66.102
2009-10-01,87.6419,130061.0,11031.5,1089060.0,83.722,66.2859
2009-11-01,88.0221,130057.0,11063.7,1097236.0,83.588,67.0806
2009-12-01,88.3793,129808.0,11090.7,1100924.0,84.099,67.1474
2010-01-01,89.3426,129802.0,11065.2,1097775.0,83.945,67.941
2010-02-01,89.6779,129706.0,11055.9,1105025.0,84.259,68.0202
2010-03-01,90.2928,129866.0,11099.4,1119036.0,84.662,68.9678
2010-04-01,90.5991,130120.0,11218.9,1129045.0,84.835,69.624
2010-05-01,91.823,130642.0,11326.7,1125510.0,85.046,70.611
2010-06-01,91.9928,130510.0,11339.4,1136355.0,85.253,70.682
2010-07-01,92.3421,130415.0,11368.1,1145984.0,85.486,71.1601
2010-08-01,92.6805,130415.0,11387.7,1146566.0,85.693,71.3642
2010-09-01,92.9537,130341.0,11399.6,1146388.0,85.774,71.5357
2010-10-01,92.6903,130620.0,11418.9,1152306.0,85.993,71.6761
2010-11-01,92.7709,130749.0,11440.1,1155595.0,86.211,71.8748
2010-12-01,93.6787,130830.0,11523.9,1157650.0,86.325,72.3185
2011-01-01,93.4814,130837.0,11708.4,1171839.0,86.422,72.4358
2011-02-01,93.1102,131057.0,11761.8,1155055.0,86.398,72.6355
2011-03-01,94.0788,131283.0,11734.0,1168286.0,86.697,73.1469
2011-04-01,93.7749,131597.0,11719.4,1164024.0,86.594,72.8001
2011-05-01,93.888,131703.0,11715.9,1154888.0,86.494,72.8134
2011-06-01,94.172,131931.0,11785.7,1166558.0,86.695,72.9204
2011-07-01,94.636,131992.0,11856.3,1171851.0,86.846,73.3492
2011-08-01,95.2749,132125.0,11854.7,1180548.0,86.793,73.6851
2011-09-01,95.1961,132344.0,11840.1,1172878.0,86.936,73.8276
2011-10-01,95.8568,132553.0,11842.3,1187685.0,87.093,74.1656
2011-11-01,95.8485,132690.0,11829.9,1183388.0,86.946,73.9533
2011-12-01,96.3571,132888.0,11949.8,1193759.0,86.985,74.3759
2012-01-01,96.9318,133246.0,12032.0,1200818.0,87.321,74.9205
2012-02-01,97.2435,133509.0,12108.5,1205143.0,87.85,75.1535
2012-03-01,96.74,133748.0,12142.7,1204027.0,87.735,74.669
2012-04-01,97.4359,133825.0,12191.2,1207954.0,87.816,74.9465
2012-05-01,97.6609,133932.0,12183.0,1211617.0,87.822,74.6333
2012-06-01,97.6663,134013.0,12168.5,1208240.0,87.73,74.7583
2012-07-01,97.8713,134157.0,12080.6,1210539.0,87.914,74.5256
2012-08-01,97.4525,134339.0,12061.8,1209461.0,87.932,74.345
2012-09-01,97.381,134517.0,12161.3,1211283.0,88.056,74.1108
2012-10-01,97.7193,134669.0,12268.6,1206602.0,88.05,73.9373
2012-11-01,98.0777,134825.0,12457.7,1228837.0,88.434,74.3212
2012-12-01,98.3101,135074.0,12812.9,1233388.0,88.47,74.7755
2013-01-01,98.3342,135257.0,12052.3,1237216.0,88.864,74.589
2013-02-01,98.7941,135546.0,12028.1,1242279.0,88.849,74.8632
2013-03-01,99.1921,135689.0,12065.8,1235591.0,88.963,74.7698
2013-04-01,99.1065,135873.0,12133.9,1233842.0,88.983,74.5484
2013-05-01,99.1839,136096.0,12186.3,1247803.0,89.237,74.7765
2013-06-01,99.3897,136279.0,12182.7,1243929.0,89.219,74.9749
2013-07-01,99.0814,136391.0,12155.0,1244157.0,89.329,74.4051
2013-08-01,99.6543,136646.0,12176.8,1249320.0,89.464,75.0642
2013-09-01,100.161,136821.0,12235.2,1253661.0,89.733,75.1341
2013-10-01,100.082,137041.0,12189.0,1260475.0,90.023,75.3083
2013-11-01,100.3158,137317.0,12228.0,1275801.0,90.393,75.3105
2013-12-01,100.5175,137372.0,12256.4,1270949.0,90.475,75.2138
2014-01-01,100.1599,137561.0,12325.9,1258055.0,90.176,74.4928
2014-02-01,100.9168,137712.0,12398.8,1268722.0,90.586,75.2268
2014-03-01,101.8942,137985.0,12463.0,1279006.0,91.104,75.9245
2014-04-01,101.9928,138298.0,12494.1,1280443.0,91.253,75.984
2014-05-01,102.3836,138513.0,12517.4,1283964.0,91.451,76.2447
2014-06-01,102.735,138849.0,12562.1,1283791.0,91.772,76.5649
2014-07-01,102.9632,139072.0,12593.5,1291656.0,91.971,76.9794
2014-08-01,102.7688,139269.0,12657.1,1294102.0,92.596,76.5958
2014-09-01,103.0641,139563.0,12701.3,1293829.0,92.623,76.6653
2014-10-01,103.0764,139798.0,12769.9,1295747.0,93.217,76.6657
2014-11-01,103.7126,140089.0,12848.6,1298950.0,93.454,77.2751
2014-12-01,103.7044,140364.0,12933.1,1306392.0,93.713,77.2028
2015-01-01,102.8905,140568.0,13038.7,1308978.0,93.936,76.8495
2015-02-01,102.2335,140827.0,13086.9,1303724.0,94.158,76.373
2015-03-01,101.8914,140923.0,13043.4,1310961.0,94.441,76.7408
2015-04-01,101.3355,141196.0,13080.5,1321167.0,94.614,76.8166
2015-05-01,100.8883,141538.0,13108.5,1307579.0,94.899,76.921
2015-06-01,100.571,141709.0,13116.2,1309833.0,94.966,76.6945
2015-07-01,101.2228,141991.0,13138.7,1313431.0,95.319,77.3337
2015-08-01,101.0367,142125.0,13165.5,1315072.0,95.554,77.1158
2015-09-01,100.7547,142275.0,13200.8,1327948.0,95.61,76.926
2015-10-01,100.2675,142579.0,13235.8,1325144.0,95.676,76.827
2015-11-01,99.5298,142808.0,13227.7,1322511.0,95.835,76.6246
2015-12-01,99.0417,143077.0,13278.2,1320606.0,96.138,76.4118
2016-01-01,99.5607,143210.0,13294.9,1321509.0,96.299,76.6964
2016-02-01,99.0445,143406.0,13288.1,1332078.0,96.941,76.4063
2016-03-01,98.3096,143662.0,13286.4,1332612.0,96.58,76.3208
2016-04-01,98.6421,143854.0,13263.0,1331387.0,96.836,76.2043
2016-05-01,98.4184,143900.0,13253.1,1323914.0,96.995,76.1095
2016-06-01,98.8833,144147.0,13272.8,1331850.0,97.426,76.2442
2016-07-01,98.9992,144520.0,13334.6,1330786.0,97.604,76.2506
2016-08-01,98.85,144661.0,13344.9,1340941.0,97.709,75.904
2016-09-01,98.7457,144967.0,13385.3,1342844.0,97.97,76.0291
2016-10-01,98.7611,145065.0,13402.3,1344497.0,97.925,76.0921
2016-11-01,98.3491,145183.0,13450.8,1345017.0,98.09,76.0292
2016-12-01,99.0214,145408.0,13499.3,1361415.0,98.78,76.0673
2017-01-01,98.7611,145628.0,13541.3,1365202.0,98.839,76.2213
2017-02-01,98.3646,145846.0,13589.2,1363025.0,98.892,76.1845
2017-03-01,99.0137,145970.0,13642.8,1360169.0,99.331,75.9999
2017-04-01,100.0224,146175.0,13682.6,1355381.0,99.364,76.9785
2017-05-01,100.1408,146380.0,13780.7,1360858.0,99.427,76.962
2017-06-01,100.3471,146583.0,13790.9,1365370.0,99.745,77.119
2017-07-01,100.1068,146772.0,13837.7,1370870.0,99.996,76.9178
2017-08-01,99.6925,146919.0,13860.4,1378509.0,100.008,76.8894
2017-09-01,99.7954,147008.0,13903.9,1385196.0,100.555,77.0102
2017-10-01,101.0247,147149.0,13963.2,1393064.0,100.65,77.9179
2017-11-01,101.2664,147372.0,14028.2,1403474.0,101.202,78.0466
2017-12-01,101.4644,147523.0,14062.3,1412747.0,101.992,77.9264
2018-01-01,101.4625,147660.0,14042.8,1394188.0,101.886,77.7567
2018-02-01,101.7085,148054.0,14068.6,1401163.0,101.931,78.4742
2018-03-01,102.2067,148280.0,14103.0,1398064.0,102.226,78.4626
2018-04-01,103.3329,148420.0,14121.8,1398213.0,102.318,79.0447
2018-05-01,102.4024,148742.0,14163.6,1408616.0,102.633,78.4247
2018-06-01,103.198,148960.0,14226.0,1402036.0,102.732,78.9473
2018-07-01,103.3646,149020.0,14298.5,1405164.0,102.95,79.0213
2018-08-01,104.0327,149277.0,14356.7,1412014.0,103.167,79.2129
2018-09-01,104.1004,149358.0,14354.0,1411531.0,102.983,79.2511
2018-10-01,103.9856,149527.0,14370.2,1406996.0,103.284,78.9436
2018-11-01,104.0681,149617.0,14411.1,1411645.0,103.835,78.747
2018-12-01,104.0936,149809.0,14599.3,1408513.0,102.947,79.0103
2019-01-01,103.4021,150060.0,14598.4,1411462.0,103.243,78.3218
2019-02-01,102.8371,150067.0,14633.7,1408768.0,103.294,77.8923
2019-03-01,102.8757,150295.0,14657.7,1405640.0,104.019,77.7067
2019-04-01,102.274,150591.0,14643.3,1394958.0,104.028,77.2434
2019-05-01,102.392,150618.0,14641.9,1403604.0,104.413,77.2603
2019-06-01,102.4375,150838.0,14660.2,1405269.0,104.766,77.6047
2019-07-01,101.9408,150937.0,14651.8,1406165.0,105.261,77.0847
2019-08-01,102.639,151169.0,14726.5,1409855.0,105.665,77.6077
2019-09-01,102.2917,151365.0,14755.6,1405353.0,105.836,77.028
2019-10-01,101.4281,151460.0,14786.5,1389568.0,105.843,76.426
2019-11-01,101.9372,151667.0,14855.3,1396759.0,106.412,77.0781
2019-12-01,101.7003,151794.0,14796.5,1390886.0,106.584,77.2042
2020-01-01,101.0338,152031.0,14945.8,1386608.0,107.073,77.0311
2020-02-01,101.3735,152293.0,15024.6,1391224.0,106.702,77.2279
2020-03-01,97.4078,150895.0,14689.3,1330719.0,99.687,73.7382
2020-04-01,84.5619,130426.0,13786.4,1177479.0,88.774,62.5589
2020-05-01,85.9604,133040.0,14119.0,1276086.0,96.162,65.3028
2020-06-01,91.5934,137671.0,14445.0,1373101.0,101.401,70.4285
2020-07-01,95.0256,139255.0,14562.6,1411729.0,102.956,73.0801
2020-08-01,95.9549,140821.0,14728.2,1413552.0,103.78,74.3046
2020-09-01,95.9669,141770.0,14905.4,1419956.0,105.071,74.4348
2020-10-01,96.7394,142460.0,15127.8,1432103.0,105.391,75.295
2020-11-01,97.0816,142733.0,15108.4,1431857.0,105.114,75.7534
2020-12-01,98.363,142548.0,15089.9,1442553.0,105.538,76.3888
2021-01-01,98.8822,142863.0,15086.9,1472712.0,106.878,77.1897
2021-02-01,95.6149,143380.0,15098.9,1428248.0,105.895,74.1452
2021-03-01,98.3856,144232.0,15241.0,1482801.0,110.454,76.4953
2021-04-01,98.5587,144587.0,15377.5,1483733.0,111.327,76.6806
2021-05-01,99.4333,145065.0,15456.9,1455876.0,111.142,77.5331
2021-06-01,99.7987,145820.0,15508.5,1460523.0,112.053,77.5677
2021-07-01,100.2519,146762.0,15570.0,1465158.0,111.876,78.295
2021-08-01,100.0437,147314.0,15569.7,1451943.0,112.637,77.9251
2021-09-01,98.8579,147771.0,15608.0,1457262.0,112.79,77.0224
2021-10-01,100.1861,148572.0,15663.7,1465891.0,113.505,78.1049
2021-11-01,100.8654,149230.0,15657.2,1470618.0,113.734,78.5506
2021-12-01,100.5726,149816.0,15610.8,1467940.0,113.307,78.4351
2022-01-01,100.1856,150006.0,15496.6,1485162.0,113.372,77.7378
2022-02-01,100.8064,150825.0,15483.6,1472992.0,113.448,78.1748
2022-03-01,101.3907,151315.0,15420.6,1470559.0,114.041,78.5575
2022-04-01,101.44,151623.0,15417.5,1469438.0,114.632,78.4892
2022-05-01,101.3335,151924.0,15401.5,1450168.0,114.473,78.1251
2022-06-01,101.018,152358.0,15342.3,1446858.0,114.544,77.6834
2022-07-01,101.223,153072.0,15515.9,1452657.0,114.646,77.7019
2022-08-01,101.0963,153362.0,15585.4,1468234.0,115.268,77.654
2022-09-01,101.2918,153582.0,15638.0,1465161.0,115.348,77.6645
2022-10-01,101.2529,153939.0,15614.3,1466963.0,115.556,77.8544
2022-11-01,100.9552,154242.0,15618.5,1451828.0,115.247,77.2186
2022-12-01,99.7664,154342.0,15662.6,1465472.0,115.146,75.8688
2023-01-01,100.505,154776.0,15762.0,1483458.0,116.635,77.1602
2023-02-01,100.6416,155066.0,15806.5,1471736.0,116.562,77.1498
2023-03-01,101.0205,155134.0,15882.7,1459513.0,116.578,76.6104
2023-04-01,101.253,155375.0,15925.7,1456995.0,116.938,77.2433
2023-05-01,100.9286,155655.0,15975.5,1472101.0,116.888,77.0575
2023-06-01,100.1196,155880.0,16006.6,1472700.0,117.256,76.4881
2023-07-01,100.9067,156043.0,16071.5,1482383.0,117.816,76.7273
2023-08-01,100.8393,156261.0,16107.2,1482238.0,117.892,76.6542
2023-09-01,101.0211,156417.0,16126.7,1491541.0,118.043,76.672
2023-10-01,100.4689,156576.0,16186.9,1490802.0,118.361,76.2599
2023-11-01,100.8639,156703.0,16280.3,1497859.0,118.783,76.5305
2023-12-01,100.6031,156857.0,16327.6,1508602.0,119.267,76.4545
2024-01-01,99.2223,157032.0,16326.0,1492936.0,118.833,75.2859
2024-02-01,100.285,157238.0,16335.1,1494481.0,119.356,76.2145
2024-03-01,100.4575,157466.0,16349.4,1491307.0,119.756,76.2676
2024-04-01,100.2434,157530.0,16366.3,1490484.0,119.974,75.805
2024-05-01,100.863,157608.0,16449.0,1503122.0,120.53,76.1923
2024-06-01,100.894,157695.0,16456.4,1506650.0,120.87,76.006
2024-07-01,99.9757,157748.0,16473.6,1519102.0,121.317,75.3409
2024-08-01,100.4309,157757.0,16494.5,1518385.0,121.482,75.6471
2024-09-01,99.8084,157912.0,16500.8,1530455.0,122.1,75.1957
2024-10-01,99.4695,157945.0,16531.5,1526325.0,122.25,74.6339
2024-11-01,99.2925,158079.0,16590.1,1535297.0,122.639,74.7343
2024-12-01,100.3273,158316.0,16606.6,1547485.0,123.512,74.9627
2025-01-01,100.0647,158268.0,16635.4,1531801.0,122.767,74.6327
2025-02-01,101.0993,158310.0,16600.6,1542684.0,122.62,75.523
2025-03-01,101.0404,158377.0,16695.4,1563633.0,123.575,75.785
2025-04-01,101.1279,158485.0,16700.0,1555663.0,123.748,75.6285
2025-05-01,100.9655,158498.0,16636.1,1550522.0,123.575,75.468
2025-06-01,101.4785,158478.0,16583.5,1556845.0,123.894,75.6385
2025-07-01,101.894,158542.0,16677.9,1565953.0,124.505,75.9194
2025-08-01,101.6247,158472.0,16699.7,1562681.0,124.869,75.8608
2025-09-01,101.668,158548.0,16720.7,1551628.0,125.007,75.798
2025-10-01,101.2195,158408.0,16677.0,1554556.0,125.271,75.1411
2025-11-01,101.0344,158449.0,16685.5,1554595.0,125.394,74.9686
2025-12-01,101.4941,158432.0,16651.9,1569176.0,125.507,74.7232
2026-01-01,101.0388,158592.0,16667.0,1581144.0,125.265,74.6786
2026-02-01,101.9053,158436.0,16601.6,1592277.0,125.537,75.1276
2026-03-01,101.7543,158650.0,16598.1,1589933.0,125.879,75.3867
2026-04-01,102.5198,158798.0,16526.5,1580792.0,126.04,75.8393
2026-05-01,102.5099,158861.0,16567.0,1586429.0,126.534,75.776
2026-06-01,102.7868,158881.0,16606.1,,127.046,75.95
2026-07-01,102.9939,158858.0,,,,76.0111
