,cpi,oil_price,ppi,hour_earnings
1913-01-01,,,,
1913-02-01,,,-0.008298802814695,
1913-03-01,,,0.0,
1913-04-01,,,0.0,
1913-05-01,,,-0.0083682496705166,
1913-06-01,,,0.0,
1913-07-01,,,0.0083682496705166,
1913-08-01,,,0.0,
1913-09-01,,,0.0165293019512104,
1913-10-01,,,0.0,
1913-11-01,,,-0.0082304991365154,
1913-12-01,,,-0.0166670524852117,
1914-01-01,,,-0.0084388686458645,
1914-02-01,,,0.0,
1914-03-01,,,-0.0085106896679088,
1914-04-01,,,0.0,
1914-05-01,,,-0.0085837436913913,
1914-06-01,,,0.0,
1914-07-01,,,0.0,
1914-08-01,,,0.0339015516756813,
1914-09-01,,,0.008298802814695,
1914-10-01,,,-0.033616610798985,
1914-11-01,,,0.0,
1914-12-01,,,-0.0085837436913913,
1915-01-01,,,0.0170944333593001,
1915-02-01,,,0.0,
1915-03-01,,,0.0,
1915-04-01,,,0.0,
1915-05-01,,,0.0084388686458645,
1915-06-01,,,-0.0084388686458645,
1915-07-01,,,0.0084388686458645,
1915-08-01,,,-0.0084388686458645,
1915-09-01,,,0.0,
1915-10-01,,,0.0251059211310762,
1915-11-01,,,0.0163938097756766,
1915-12-01,,,0.0398459085471993,
1916-01-01,,,0.0383188643021368,
1916-02-01,,,0.0149256502166754,
1916-03-01,,,0.0291991546922623,
1916-04-01,,,0.0142859572474765,
1916-05-01,,,0.0070671672230924,
1916-06-01,,,0.0070175726586465,
1916-07-01,,,0.0069686693160933,
1916-08-01,,,0.0206192872027357,
1916-09-01,,,0.0202027073175194,
1916-10-01,,,0.0456105112520521,
1916-11-01,,,0.067718174054951,
1916-12-01,,,0.017699577099401,
1917-01-01,,,0.0288204385354919,
1917-02-01,,,0.0224728558520581,
1917-03-01,,,0.0273989741881144,
1917-04-01,,,0.0628479036596636,
1917-05-01,,,0.0543343509633298,
1917-06-01,,,0.0095694510161505,
1917-07-01,,,0.0094787439545438,
1917-08-01,,,0.0140517534556501,
1917-09-01,,,-0.0093458624182374,
1917-10-01,,,-0.0094340322333588,
1917-11-01,,,0.0047281411959461,
1917-12-01,,,0.0,
1918-01-01,,,0.0186921330121525,
1918-02-01,,,-0.0234202742080986,
1918-03-01,,,0.0326369293130226,
1918-04-01,,,0.0136676387286636,
1918-05-01,,,0.0,
1918-06-01,,,0.0045146803545268,
1918-07-01,,,0.0222726356091231,
1918-08-01,,,0.0217873541849074,
1918-09-01,,,0.0213227694688211,
1918-10-01,,,-0.0084746269909721,
1918-11-01,,,0.0,
1918-12-01,,,0.0,
1919-01-01,,,-0.012848142477849,
1919-02-01,,,-0.0350913198112703,
1919-03-01,,,0.0088889474172462,
1919-04-01,,,0.0131870042819537,
1919-05-01,,,0.0173164500114606,
1919-06-01,,,0.004282661792001,
1919-07-01,,,0.0377403279828469,
1919-08-01,,,0.0243914531241591,
1919-09-01,,,-0.0243914531241591,
1919-10-01,,,0.0041067819526534,
1919-11-01,,,0.0202846711715056,
1919-12-01,,,0.0432287345508202,
1920-01-01,,,0.0451204352804692,
1920-02-01,,,-0.0036832454162962,
1920-03-01,,,0.0073529743052591,
1920-04-01,,,0.0430173850836905,
1920-05-01,,,0.0104712998672953,
1920-06-01,,,-0.0034782643763247,
1920-07-01,,,-0.0034904049397685,
1920-08-01,,,-0.0283706971292154,
1920-09-01,,,-0.0366341331797803,
1920-10-01,,,-0.0735340840461491,
1920-11-01,,,-0.0793735875415122,
1920-12-01,,,-0.1005412292218772,
1921-01-01,,,-0.0594234204708006,
1921-02-01,,,-0.0796176279646916,
1921-03-01,,,-0.0223472986919968,
1921-04-01,,,-0.0403512955235672,
1921-05-01,,,-0.0238106486937184,
1921-06-01,,,-0.0305834233720805,
1921-07-01,,,0.0,
1921-08-01,,,0.0,
1921-09-01,,,0.0,
1921-10-01,,,0.0061919702479209,
1921-11-01,,,0.0,
1921-12-01,,,-0.012422519998557,
1922-01-01,,,-0.0189280098855189,
1922-02-01,,,0.0189280098855189,
1922-03-01,,,0.0,
1922-04-01,,,0.006230549750636,
1922-05-01,,,0.0305834233720805,
1922-06-01,,,0.0,
1922-07-01,,,0.0296757681461166,
1922-08-01,,,-0.0058651194523982,
1922-09-01,,,0.0058651194523982,
1922-10-01,,,0.0058309203107929,
1922-11-01,,,0.0057971176843261,
1922-12-01,,,0.0,
1923-01-01,,,0.0171924005403729,
1923-02-01,,,0.0112995552539332,
1923-03-01,,,0.0111733005981249,
1923-04-01,,,-0.0055710450494554,
1923-05-01,,,-0.0225998319172404,
1923-06-01,,,-0.0114943794257351,
1923-07-01,,,-0.0174931574475172,
1923-08-01,,,-0.0058997221271885,
1923-09-01,,,0.0175957618903797,
1923-10-01,,,-0.0058309203107929,
1923-11-01,,,-0.0058651194523982,
1923-12-01,,,-0.0058997221271885,
1924-01-01,,,0.0175957618903797,
1924-02-01,,,0.0,
1924-03-01,,,-0.0116960397631911,
1924-04-01,,,-0.0178046246335066,
1924-05-01,,,-0.0120483385161747,
1924-06-01,,,-0.0060790460763819,
1924-07-01,,,0.0060790460763819,
1924-08-01,,,0.0120483385161747,
1924-09-01,,,0.0,
1924-10-01,,,0.011904902506318,
1924-11-01,,,0.0117648415795867,
1924-12-01,,,0.0231224174208541,
1925-01-01,,,0.0113637586503148,
1925-02-01,,,0.0112360732669256,
1925-03-01,,,0.0,
1925-04-01,,,-0.0225998319172404,
1925-05-01,,,0.0,
1925-06-01,,,0.0113637586503148,
1925-07-01,,,0.0168071183163811,
1925-08-01,,,-0.0055710450494554,
1925-09-01,,,-0.0056022555486694,
1925-10-01,,,0.0,
1925-11-01,,,0.0111733005981249,
1925-12-01,,,-0.0111733005981249,
1926-01-01,,,0.0,
1926-02-01,,,-0.0112995552539332,
1926-03-01,,,-0.0171924005403729,
1926-04-01,,,0.0,
1926-05-01,,,0.0,
1926-06-01,,,0.0,
1926-07-01,,,-0.011628037995119,
1926-08-01,,,0.0,
1926-09-01,,,0.0058309203107929,
1926-10-01,,,-0.0058309203107929,
1926-11-01,,,-0.0058651194523982,
1926-12-01,,,-0.0058997221271885,
1927-01-01,,,-0.0300322870988747,
1927-02-01,,,0.0121213605323449,
1927-03-01,,,-0.0060423144559629,
1927-04-01,,,-0.0121952730938179,
1927-05-01,,,-0.0061538655743786,
1927-06-01,,,0.0,
1927-07-01,,,0.0,
1927-08-01,,,0.0122700925918146,
1927-09-01,,,0.0121213605323449,
1927-10-01,,,0.0060060240602117,
1927-11-01,,,-0.0060060240602117,
1927-12-01,,,0.0,
1928-01-01,,,0.0,
1928-02-01,,,-0.0060423144559629,
1928-03-01,,,0.0,
1928-04-01,,,0.0120483385161747,
1928-05-01,,,0.0059701669865037,
1928-06-01,,,-0.0059701669865037,
1928-07-01,,,0.0059701669865037,
1928-08-01,,,0.0,
1928-09-01,,,0.0118344576470028,
1928-10-01,,,-0.0178046246335066,
1928-11-01,,,-0.0120483385161747,
1928-12-01,,,0.0,
1929-01-01,,,0.0,
1929-02-01,,,-0.0060790460763819,
1929-03-01,,,0.0121213605323449,
1929-04-01,,,-0.0060423144559629,
1929-05-01,,,-0.0121952730938179,
1929-06-01,,,0.0061162270174359,
1929-07-01,,,0.0121213605323449,
1929-08-01,,,0.0,
1929-09-01,,,0.0,
1929-10-01,,,-0.0121213605323449,
1929-11-01,,,-0.0184620628397356,
1929-12-01,,,0.0,
1930-01-01,,,-0.0125001627642311,
1930-02-01,,,-0.0126583968719238,
1930-03-01,,,-0.0128206884290613,
1930-04-01,,,0.0,
1930-05-01,,,-0.012987195526811,
1930-06-01,,,-0.0198026272961797,
1930-07-01,,,-0.0339015516756813,
1930-08-01,,,0.0,
1930-09-01,,,0.0,
1930-10-01,,,-0.0138891121606672,
1930-11-01,,,-0.0212022076506031,
1930-12-01,,,-0.0216614967811792,
1931-01-01,,,-0.0147061473896954,
1931-02-01,,,-0.0224728558520586,
1931-03-01,,,-0.0076045993852194,
1931-04-01,,,-0.0153849188394792,
1931-05-01,,,-0.0235304974101944,
1931-06-01,,,-0.0160003413464409,
1931-07-01,,,0.0,
1931-08-01,,,0.0,
1931-09-01,,,-0.0080972102326191,
1931-10-01,,,-0.0163938097756766,
1931-11-01,,,0.0,
1931-12-01,,,-0.0251059211310762,
1932-01-01,,,-0.0170944333593001,
1932-02-01,,,-0.0173917427118692,
1932-03-01,,,0.0,
1932-04-01,,,-0.0088106296821548,
1932-05-01,,,-0.0178576174000064,
1932-06-01,,,-0.0090498355199177,
1932-07-01,,,0.0090498355199177,
1932-08-01,,,0.0089686699827602,
1932-09-01,,,0.0088889474172462,
1932-10-01,,,-0.0178576174000064,
1932-11-01,,,-0.0090498355199177,
1932-12-01,,,-0.0183491386681966,
1933-01-01,,,-0.0281708769666964,
1933-02-01,,,-0.0192313619278876,
1933-03-01,,,0.009661910911737,
1933-04-01,,,0.0,
1933-05-01,,,0.0377403279828469,
1933-06-01,,,0.0363676441708746,
1933-07-01,,,0.060624621816435,
1933-08-01,,,0.0083682496705166,
1933-09-01,,,0.0165293019512104,
1933-10-01,,,0.0081633106391612,
1933-11-01,,,0.0,
1933-12-01,,,-0.0081633106391612,
1934-01-01,,,0.0162605208717803,
1934-02-01,,,0.0239055208535545,
1934-03-01,,,0.0,
1934-04-01,,,0.0,
1934-05-01,,,0.0,
1934-06-01,,,0.0156253179030807,
1934-07-01,,,0.0,
1934-08-01,,,0.0229895182246986,
1934-09-01,,,0.0150378773645405,
1934-10-01,,,-0.0150378773645405,
1934-11-01,,,0.0,
1934-12-01,,,0.0075472056353831,
1935-01-01,,,0.0223057575142981,
1935-02-01,,,0.0073260400920727,
1935-03-01,,,0.0,
1935-04-01,,,0.00727275932908,
1935-05-01,,,0.0,
1935-06-01,,,0.0,
1935-07-01,,,-0.00727275932908,
1935-08-01,,,0.0144930073025668,
1935-09-01,,,0.0,
1935-10-01,,,0.0,
1935-11-01,,,0.0,
1935-12-01,,,0.0071684894786123,
1936-01-01,,,-0.0071684894786123,
1936-02-01,,,0.0,
1936-03-01,,,-0.0144930073025668,
1936-04-01,,,0.0,
1936-05-01,,,-0.0147061473896954,
1936-06-01,,,0.0147061473896954,
1936-07-01,,,0.0144930073025668,
1936-08-01,,,0.0071684894786123,
1936-09-01,,,0.0,
1936-10-01,,,0.0,
1936-11-01,,,0.0141846349919565,
1936-12-01,,,0.0209066848193137,
1937-01-01,,,0.0204785313435404,
1937-02-01,,,0.006734032181344,
1937-03-01,,,0.0133335308694655,
1937-04-01,,,0.0066006840313517,
1937-05-01,,,-0.0066006840313517,
1937-06-01,,,-0.0066445427186687,
1937-07-01,,,0.0132452267500204,
1937-08-01,,,-0.0066006840313517,
1937-09-01,,,0.0,
1937-10-01,,,-0.0268472500361882,
1937-11-01,,,-0.0206192872027357,
1937-12-01,,,-0.0210534091978322,
1938-01-01,,,-0.0071174677688641,
1938-02-01,,,-0.0143887374520992,
1938-03-01,,,-0.00727275932908,
1938-04-01,,,-0.0147061473896954,
1938-05-01,,,0.0,
1938-06-01,,,0.0,
1938-07-01,,,0.0073801072976227,
1938-08-01,,,-0.0148150857851407,
1938-09-01,,,0.007434978487518,
1938-10-01,,,-0.007434978487518,
1938-11-01,,,0.0,
1938-12-01,,,-0.0074906717291574,
1939-01-01,,,0.0,
1939-02-01,,,0.0,
1939-03-01,,,-0.0075472056353831,
1939-04-01,,,-0.0076045993852194,
1939-05-01,,,0.0,
1939-06-01,,,-0.0076628727455689,
1939-07-01,,,0.0,
1939-08-01,,,-0.0077220460939102,
1939-09-01,,,0.0528424813743799,
1939-10-01,,,0.0073260400920727,
1939-11-01,,,-0.0073260400920727,
1939-12-01,,,0.0073260400920727,
1940-01-01,,,0.0,
1940-02-01,,,-0.0073260400920727,
1940-03-01,,,-0.0073801072976227,
1940-04-01,,,0.0,
1940-05-01,,,0.0,
1940-06-01,,,-0.007434978487518,
1940-07-01,,,0.0,
1940-08-01,,,0.0,
1940-09-01,,,0.0,
1940-10-01,,,0.0148150857851407,
1940-11-01,,,0.0073260400920727,
1940-12-01,,,0.00727275932908,
1941-01-01,,,0.0072202479734868,
1941-02-01,,,0.0,
1941-03-01,,,0.0071684894786123,
1941-04-01,,,0.0281708769666964,
1941-05-01,,,0.013793322132336,
1941-06-01,,,0.0270286723879191,
1941-07-01,,,0.0198026272961797,
1941-08-01,,,0.0194180858571013,
1941-09-01,,,0.0127390257774298,
1941-10-01,,,0.006309169193265,
1941-11-01,,,0.0,
1941-12-01,,,0.0186921330121521,
1942-01-01,,,0.0183491386681966,
1942-02-01,,,0.0120483385161747,
1942-03-01,,,0.0059701669865037,
1942-04-01,,,0.0118344576470028,
1942-05-01,,,0.0,
1942-06-01,,,0.0,
1942-07-01,,,0.0,
1942-08-01,,,0.0058651194523982,
1942-09-01,,,0.0058309203107929,
1942-10-01,,,0.0,
1942-11-01,,,0.0057971176843261,
1942-12-01,,,0.0057637047167498,
1943-01-01,,,0.0057306747089853,
1943-02-01,,,0.0113637586503148,
1943-03-01,,,0.0056338177182562,
1943-04-01,,,0.0056022555486694,
1943-05-01,,,0.0,
1943-06-01,,,0.0,
1943-07-01,,,-0.0056022555486694,
1943-08-01,,,0.0,
1943-09-01,,,0.0,
1943-10-01,,,0.0,
1943-11-01,,,-0.0056338177182562,
1943-12-01,,,0.0056338177182562,
1944-01-01,,,0.0,
1944-02-01,,,0.0,
1944-03-01,,,0.0056022555486694,
1944-04-01,,,0.0,
1944-05-01,,,0.0,
1944-06-01,,,0.0055710450494554,
1944-07-01,,,-0.0055710450494554,
1944-08-01,,,0.0,
1944-09-01,,,0.0,
1944-10-01,,,0.0,
1944-11-01,,,0.0055710450494554,
1944-12-01,,,0.0,
1945-01-01,,,0.0055401803756156,
1945-02-01,,,0.0,
1945-03-01,,,0.0,
1945-04-01,,,0.0055096558109695,
1945-05-01,,,0.0054794657646257,
1945-06-01,,,0.0,
1945-07-01,,,0.0,
1945-08-01,,,-0.0054794657646257,
1945-09-01,,,-0.0055096558109695,
1945-10-01,,,0.0055096558109695,
1945-11-01,,,0.0109290705321902,
1945-12-01,,,0.0,
1946-01-01,,,0.0,
1946-02-01,,,0.0054200674693389,
1946-03-01,,,0.0160861377516248,
1946-04-01,,,0.0105821093305364,
1946-05-01,,,0.0052493558861441,
1946-06-01,,,0.0155847310166978,
1946-07-01,,,0.1027798690643346,
1946-08-01,,,0.0320393537446168,
1946-09-01,,,-0.0367013668504281,
1946-10-01,,,0.076441695499942,
1946-11-01,,,0.0423792229688615,
1946-12-01,,,0.0082645098498934,
1947-01-01,,,0.0081967672041787,
1947-02-01,0.0064965425703982,,0.00813012608325,
1947-03-01,0.0174236411472539,,0.0240011520995429,
1947-04-01,0.0,,-0.0079365495957359,
1947-05-01,-0.0022753138371358,,-0.0039920212695379,
1947-06-01,0.0059050818877142,,0.0,
1947-07-01,0.0067705065672107,,0.0119285708652738,
1947-08-01,0.0076182308848888,,0.0117879557520423,
1947-09-01,0.0194524259268153,,0.0193429628431309,
1947-10-01,0.0030601116775947,,0.0114286958236227,
1947-11-01,0.0065260183755087,,0.0112995552539332,
1947-12-01,0.0150637666619064,,0.0185534078957476,
1948-01-01,0.0114675285129854,,0.0182154398913412,
1948-02-01,-0.0004223864899124,,-0.0182154398913412,
1948-03-01,-0.007208002375779,,0.0,
1948-04-01,0.0135251427770404,,0.0073260400920731,
1948-05-01,0.0079448463060081,,0.0036429912785012,
1948-06-01,0.0058139698654198,,0.0072464085207668,
1948-07-01,0.0102987522005744,,0.0107720969819111,
1948-08-01,0.0012287529704928,,0.0071174677688641,
1948-09-01,-0.0028694424279529,,-0.0035524016043679,
1948-10-01,-0.0020546545136643,,-0.0107335556431085,
1948-11-01,-0.0061894152614176,,0.0,
1948-12-01,-0.0045633765148438,,-0.0072202479734868,
1949-01-01,-0.0016645863186082,,-0.0109290705321902,
1949-02-01,-0.0041736287629285,,-0.0184848146741032,
1949-03-01,0.0,,0.0,
1949-04-01,0.0004181476121978,,-0.0112571545246344,
1949-05-01,-0.0004181476121978,,-0.0075757938084577,
1949-06-01,0.0004181476121978,,-0.0114724011622366,
1949-07-01,-0.0092398809413456,,0.0,
1949-08-01,0.0,,0.0,
1949-09-01,0.0021074823395648,,0.0038387763071656,
1949-10-01,-0.0033741069547579,,-0.0038387763071656,
1949-11-01,0.0012666246151931,,0.0,
1949-12-01,-0.0038046970436642,,-0.0038535693159902,
1950-01-01,-0.0042444885454431,,0.0,
1950-02-01,0.0042444885454431,,0.0076923456231559,
1950-03-01,0.0012698414404761,,0.0,
1950-04-01,0.0004229224000442,,0.0,
1950-05-01,0.0050611664341606,,0.0114286958236227,
1950-06-01,0.0046170071522988,,0.0075472056353831,
1950-07-01,0.0079249632705793,,0.0259754864032606,
1950-08-01,0.0053863813676602,,0.0217399866364056,
1950-09-01,0.0057684543967404,,0.0177624563398404,
1950-10-01,0.0065520299913002,,0.0070175726586465,
1950-11-01,0.0040733253876354,,0.0138891121606672,
1950-12-01,0.0153290617591146,,0.0238512158221797,
1951-01-01,0.0158859575888099,,0.026579637804712,
1951-02-01,0.0175751448215075,,0.0130295002903335,
1951-03-01,0.0019338625249507,,0.0,
1951-04-01,0.0015444018513739,,-0.0032414939241705,
1951-05-01,0.0026969771693248,,-0.0032520353863776,
1951-06-01,-0.0023112491028256,,-0.0065359709797854,
1951-07-01,-0.0007716049765544,,-0.0065789710980426,
1951-08-01,-0.0019316212303071,,-0.0066225407604934,
1951-09-01,0.0065523456627625,,0.0,
1951-10-01,0.0049818075825238,,0.0,
1951-11-01,0.0060975798681184,,0.0,
1951-12-01,0.0056829097818935,,0.0,
1952-01-01,-0.0007558579347013,,-0.0033277900926744,
1952-02-01,-0.0015134319952676,,-0.0066889881507967,
1952-03-01,-0.0007575757938083,,0.0,
1952-04-01,0.002649008171577,,-0.006734032181344,
1952-05-01,0.0003778575522002,,0.0,
1952-06-01,0.0022641519106385,,-0.0033840979842403,
1952-07-01,0.0056380528977744,,0.0033840979842403,
1952-08-01,0.0003747423690101,,0.006734032181344,
1952-09-01,-0.002250563590592,,-0.006734032181344,
1952-10-01,0.002250563590592,,-0.0033840979842403,
1952-11-01,0.0,,-0.0068027473227525,
1952-12-01,0.0007490637054363,,-0.0068493418455748,
1953-01-01,-0.002624181449681,,0.0,
1953-02-01,-0.0018786404172597,,0.0,
1953-03-01,0.0015031945709123,,0.0034305350967889,
1953-04-01,0.002250563590592,,-0.0068728792877617,
1953-05-01,0.0003746019897707,,0.0034423441909727,
1953-06-01,0.0026182921260575,,-0.0034423441909727,
1953-07-01,0.000746826024256,,0.0136988443581618,
1953-08-01,0.0022371373983562,,-0.0034071583216142,
1953-09-01,0.0014886493258998,,0.0034071583216142,
1953-10-01,0.0022288270742327,,-0.0068259650704001,
1953-11-01,-0.0037174764001326,,-0.0034305350967889,
1953-12-01,0.0007446016725261,,0.0034305350967889,
1954-01-01,0.0026017483548184,,0.0068259650704001,
1954-02-01,0.0018542560476952,,-0.0034071583216142,
1954-03-01,-0.002225520206406,,0.0,
1954-04-01,-0.0026027157284156,,0.0034071583216142,
1954-05-01,0.0026027157284156,,0.0,
1954-06-01,0.0003712641587108,,-0.0068259650704001,
1954-07-01,-0.0029739798871264,,0.0034188067487859,
1954-08-01,-0.000372370140218,,0.0,
1954-09-01,-0.0014908687070058,,-0.0034188067487859,
1954-10-01,-0.0033626035794229,,-0.0034305350967889,
1954-11-01,0.0022429915945818,,0.0034305350967889,
1954-12-01,-0.0003734827307653,,-0.0068728792877617,
1955-01-01,0.0,,0.0068728792877617,
1955-02-01,0.001866020321271,,0.0034188067487859,
1955-03-01,-0.001119194297015,,-0.0034188067487859,
1955-04-01,0.0,,0.0034188067487859,
1955-05-01,-0.000746826024256,,-0.0068493418455748,
1955-06-01,-0.002243830410392,,0.0068493418455748,
1955-07-01,0.0018702081381585,,0.0,
1955-08-01,-0.001495886591583,,0.0034071583216142,
1955-09-01,0.0048534722864288,,0.0067796869853786,
1955-10-01,-0.0011179431013412,,0.0,
1955-11-01,0.0022346378014161,,-0.0033840979842403,
1955-12-01,-0.0003720930275488,,0.0,
1956-01-01,-0.0014897581898671,,0.0067567824628795,
1956-02-01,0.0011175266575591,,0.0033613477027047,
1956-03-01,0.0011162791856818,,0.0033500868852818,
1956-04-01,0.0014864365427338,,0.0066666913581894,
1956-05-01,0.0037064534648489,,0.0066225407604934,
1956-06-01,0.004429686091588,,0.0,
1956-07-01,0.0051432883403026,,-0.0033057881344995,
1956-08-01,0.0007326007653665,,0.0066006840313521,
1956-09-01,0.0014635933823767,,0.0065574005461592,
1956-10-01,0.0058330460684929,,0.0,
1956-11-01,0.0,,0.0032626456348161,
1956-12-01,0.0043525639988417,,0.0032520353863776,
1957-01-01,0.0014466548635096,,0.0064725145056172,
1957-02-01,0.0046872268977566,,0.0,
1957-03-01,0.0021559476550683,,0.0,
1957-04-01,0.0025094116054256,,0.0032206147000422,
1957-05-01,0.0025031302181184,,-0.0032206147000422,
1957-06-01,0.0039208747432368,,0.0032206147000422,
1957-07-01,0.0028419202075804,,0.006410278360919,
1957-08-01,0.0031875359023509,,0.0031897953681001,
1957-09-01,0.0014134277971469,,-0.0031897953681001,
1957-10-01,0.0,,-0.0032000027306708,
1957-11-01,0.0031729270405773,,0.0032000027306708,
1957-12-01,0.0021097054238499,,0.0031897953681001,
1958-01-01,0.0059534408024983,,0.0031796529173795,
1958-02-01,0.0020927806731307,,0.0,
1958-03-01,0.005905870909268,,0.0063291350516476,
1958-04-01,0.0024217275284943,,-0.0031595602903684,
1958-05-01,0.0,,0.0031595602903684,
1958-06-01,-0.0010371651750831,,-0.0031595602903684,
1958-07-01,-0.0006920415501108,,0.0,
1958-08-01,0.0017292067251939,,0.0,
1958-09-01,-0.0010371651750831,,0.0,
1958-10-01,0.0,,-0.0031695747612792,
1958-11-01,0.0013826479907494,,0.0031695747612792,
1958-12-01,0.0006906077622548,,0.0,
1959-01-01,0.0013797863520537,,0.0031595602903684,
1959-02-01,-0.0003447681468387,,0.0,
1959-03-01,-0.001035018205215,,0.0,
1959-04-01,0.0003451251112771,,0.0031496089028961,
1959-05-01,0.002068253064059,,0.0,
1959-06-01,0.0024075678009367,,-0.0031496089028961,
1959-07-01,0.0013731550389692,,0.0,
1959-08-01,0.0010286302981383,,-0.0031595602903684,
1959-09-01,0.0023960305832257,,0.0031595602903684,
1959-10-01,0.0034129725962399,,-0.0031595602903684,
1959-11-01,0.0,,-0.0031695747612792,
1959-12-01,0.0020422062917981,,0.0,
1960-01-01,-0.0013610073553746,,0.0031695747612792,
1960-02-01,0.0013610073553746,,0.0,
1960-03-01,0.0,,0.0063091691932646,
1960-04-01,0.00441052453733,,0.0,
1960-05-01,0.0010150567611519,,-0.0031496089028961,
1960-06-01,0.0013518082491144,,0.0,
1960-07-01,-0.0020283982613928,,0.0,
1960-08-01,0.0020283982613928,,-0.0031595602903684,
1960-09-01,0.0,,0.0,
1960-10-01,0.0047169898781387,,0.0031595602903684,
1960-11-01,0.001007895264224,,0.0,
1960-12-01,0.001006880434117,,0.0,
1961-01-01,0.0010058676455804,,0.0031496089028961,
1961-02-01,0.0,,0.0,
1961-03-01,0.0,,0.0,
1961-04-01,-0.0010058676455804,,-0.0063091691932646,
1961-05-01,0.0010058676455804,,-0.0031695747612792,
1961-06-01,0.0,,-0.0063694482854796,
1961-07-01,0.0026773777707163,,0.0063694482854796,
1961-08-01,0.0006682258852057,,0.0,
1961-09-01,0.0013351136829693,,0.0,
1961-10-01,0.0,,0.0,
1961-11-01,0.0,,0.0,
1961-12-01,0.0010001667778238,,0.0031695747612792,
1962-01-01,0.0009991674436582,,0.0031595602903684,
1962-02-01,0.0023275155977087,,0.0,
1962-03-01,0.0019907106773273,,0.0,
1962-04-01,0.0013249422276104,,-0.0031595602903684,
1962-05-01,0.0009925559127519,,-0.0031695747612792,
1962-06-01,-0.0009925559127519,,0.0,
1962-07-01,0.0003309614460129,,0.0031695747612792,
1962-08-01,0.0019834717246545,,0.0,
1962-09-01,0.0046128582618987,,0.0094488891979325,
1962-10-01,-0.0013157896635198,,-0.006289328907564,
1962-11-01,0.0,,0.0,
1962-12-01,0.0,,-0.0031595602903684,
1963-01-01,0.0019730358258582,,0.0,
1963-02-01,0.0013131978249605,,-0.0031695747612792,
1963-03-01,0.0009837679101325,,0.0,
1963-04-01,-0.0009837679101325,,-0.0031796529173795,
1963-05-01,0.0009837679101325,,0.0031796529173795,
1963-06-01,0.0032722542287428,,0.0031695747612792,
1963-07-01,0.0026101156743236,,0.0031595602903684,
1963-08-01,0.001953125620882,,-0.0031595602903684,
1963-09-01,-0.0009760859730554,,0.0,
1963-10-01,0.0009760859730554,,0.0,
1963-11-01,0.0009751341582062,,0.0031595602903684,
1963-12-01,0.0032435967458424,,-0.0031595602903684,
1964-01-01,0.0019411199883445,,0.0063091691932646,
1964-02-01,-0.0009700890008947,,-0.0063091691932646,0.0
1964-03-01,0.0009700890008947,,0.0,0.0039920212695373
1964-04-01,0.0003231539856849,,0.0,0.0039761483796394
1964-05-01,0.0009688358581176,,-0.0031695747612792,0.0
1964-06-01,0.0009678981236351,,0.0,0.0039604012160968
1964-07-01,0.0003224246360349,,0.0031695747612792,0.0039447782910164
1964-08-01,0.0009666506310952,,0.0,0.0039292781398895
1964-09-01,0.0009657171199588,,0.0031595602903684,0.0039138993211363
1964-10-01,0.0012861738107439,,0.0,-0.0039138993211363
1964-11-01,0.0028878569724972,,0.0,0.0039138993211363
1964-12-01,0.0012808198997227,,0.0,0.0077821404420549
1965-01-01,0.0009595394946995,,0.0031496089028961,0.0
1965-02-01,0.0,,0.0031397200046678,0.0038684767779202
1965-03-01,0.0009586196612039,,0.0,0.0076923456231556
1965-04-01,0.0022332119665722,,0.0031298930089276,-0.0038387763071656
1965-05-01,0.0031816762443162,,0.0031201273362437,0.0076628727455692
1965-06-01,0.0041211026783236,,0.0093023926623132,0.0038095284166675
1965-07-01,-0.0009495174000302,,0.0,0.0
1965-08-01,-0.0009504198402736,,0.0,0.0037950709685516
1965-09-01,0.0022162427941037,,0.0,0.0037807228399059
1965-10-01,0.0009483168088593,,0.0030816665374082,0.0037664827954769
1965-11-01,0.0031545767485154,,0.0030721990369699,0.0037523496185504
1965-12-01,0.0031446566794715,,0.0061162270174359,0.0
1966-01-01,0.0009414719038418,,0.0030441423812281,0.0037383221106072
1966-02-01,0.0062539290762995,,0.0090772181511171,0.0037243990909823
1966-03-01,0.0031123585659234,,0.0,0.0037105793965357
1966-04-01,0.0031027018375109,,0.0,0.0036968618813261
1966-05-01,0.0021661775451615,,0.0,0.0036832454162963
1966-06-01,0.0009269273025793,,0.0030075210639548,0.0036697288889624
1966-07-01,0.00215949490061,,0.0059880418446227,0.0036563112031104
1966-08-01,0.0061444125723411,,0.0029806281381379,0.0036429912785009
1966-09-01,0.0030581063588206,,0.0,0.0036297680505785
1966-10-01,0.0030487828493588,,-0.0059701669865042,0.0036166404701887
1966-11-01,0.0009128252573593,,-0.0029985029962564,0.0036036075032983
1966-12-01,0.0012158056208901,,0.0,0.0
1967-01-01,-0.0006077180375432,,0.0029985029962564,0.0071684894786125
1967-02-01,0.0030349036951542,,0.0,0.0035650661644963
1967-03-01,0.0,,-0.0029985029962564,0.0
1967-04-01,0.0030257209165371,,-0.0060241146033805,0.0035524016043677
1967-05-01,0.0,,0.0060241146033805,0.003539826705124
1967-06-01,0.0060241146033805,,0.0059880418446227,0.0070422826254128
1967-07-01,0.0029985029962564,,0.0,0.003502630551202
1967-08-01,0.0029895388483662,,-0.0029895388483662,0.0069686693160933
1967-09-01,0.0029806281381379,,0.0,0.0
1967-10-01,0.0029717703891574,,0.0,0.0034662079764862
1967-11-01,0.0059171770280883,,0.0,0.0068965790590604
1967-12-01,0.002945510229757,,0.0089419373756616,0.0034305350967891
1968-01-01,0.0029368596733094,,0.0029629651306568,0.0068259650703998
1968-02-01,0.0029282597790887,,0.0058997221271885,0.0033955890011381
1968-03-01,0.0029197101033342,,0.0029368596733094,0.0067567824628798
1968-04-01,0.0029112102074586,,0.0,0.0067114345879868
1968-05-01,0.0029027596579616,,0.0029282597790887,0.0033389012655147
1968-06-01,0.0057803629154991,,0.0,0.0033277900926744
1968-07-01,0.0057471422555681,,0.0029197101033342,0.0066225407604934
1968-08-01,0.0028612322810319,,-0.0029197101033342,0.0032948958968526
1968-09-01,0.0028530689824064,,0.0058309203107929,0.0098200461809754
1968-10-01,0.0056818334674311,,0.0,0.0032520353863774
1968-11-01,0.0028288562004776,,0.0029027596579616,0.0064725145056174
1968-12-01,0.0056338177182562,,0.0028943580263645,0.0032206147000422
1969-01-01,0.0028050509276082,,0.0057637047167498,0.0032102756302483
1969-02-01,0.0027972046210611,,0.0057306747089849,0.0063897980987708
1969-03-01,0.0083449719321806,,0.0056980211146377,0.0063492276786587
1969-04-01,0.0055248759319699,,0.0028368813351997,0.0063091691932648
1969-05-01,0.00275103337189,,0.0056497325421189,0.0031397200046676
1969-06-01,0.0054794657646253,,0.0056179923042232,0.0062500203451711
1969-07-01,0.0054496047675649,,0.0027972046210611,0.0031104224143925
1969-08-01,0.0027137058715962,,-0.0027972046210611,0.0061919702479211
1969-09-01,0.0054054185669079,,0.0027972046210611,0.006153865574378
1969-10-01,0.00537635703638,,0.0027894020875787,0.0061162270174361
1969-11-01,0.0053476063265955,,0.0055555698446019,0.0060790460763822
1969-12-01,0.0053191614775998,,0.0055248759319699,0.0030257209165369
1970-01-01,0.0052910176344158,,0.005494519317641,0.0
1970-02-01,0.0052631700442744,,0.0054644944720787,0.006024114603381
1970-03-01,0.0052356140539449,,0.0,0.0089686699827602
1970-04-01,0.0052083451071385,,0.0027210901143606,0.0
1970-05-01,0.0025940351770463,,0.0,0.0029717703891576
1970-06-01,0.0051679701584426,,0.0027137058715962,0.0088626872578452
1970-07-01,0.0025740039951727,,0.0054054185669079,0.0029368596733096
1970-08-01,0.0025673955052458,,-0.0054054185669079,0.0087591800898816
1970-09-01,0.0051151006667704,,0.0054054185669079,0.0029027596579613
1970-10-01,0.0050890695074712,,0.0,0.0
1970-11-01,0.0050633019565466,,0.0,0.0057803629154995
1970-12-01,0.005037794029957,,0.0,0.0086083745366001
1971-01-01,0.002509411605426,,0.00537635703638,0.0085349024498373
1971-02-01,0.0,,0.0106667678041953,0.0056497325421189
1971-03-01,0.0025031302181184,,0.002649008171577,0.0028129413766146
1971-04-01,0.0024968801985871,,0.0026420094628387,0.0056022555486698
1971-05-01,0.0049751346401136,,0.0052631700442744,0.0083449719321806
1971-06-01,0.0049505051598561,,0.002621233479874,0.00276625349289
1971-07-01,0.0024660924951938,,0.0026143805740708,0.0027586224390796
1971-08-01,0.0024600258408624,,0.0052083451071385,0.0082304991365156
1971-09-01,0.0024539889615664,,-0.0052083451071385,0.0027285146532038
1971-10-01,0.0024479816386397,,0.0,0.0027210901143608
1971-11-01,0.0024420036555521,,0.0,0.0054200674693392
1971-12-01,0.0024360547978812,,0.0078023802841848,0.0080754140055452
1972-01-01,0.0024301348532915,,0.0051679701584426,0.0185928330766158
1972-02-01,0.0048426244757879,,0.010256500167189,0.0052493558861437
1972-03-01,0.0,,0.0,0.0052219439811518
1972-04-01,0.0024125464053836,,0.0025477720787985,0.0051948168771038
1972-05-01,0.0024067400305654,,0.0050761530318608,0.0051679701584426
1972-06-01,0.0024009615375382,,0.0050505157860687,0.0
1972-07-01,0.0023952107259543,,0.0075282664207914,0.0051413995004185
1972-08-01,0.0023894873973815,,0.0024968801985871,0.0051151006667704
1972-09-01,0.0047619137602437,,0.0024906613124522,0.0050890695074714
1972-10-01,0.0023724803536304,,-0.0024906613124522,0.0075853713892566
1972-11-01,0.0047281411959461,,0.0049751346401136,0.0050251362026729
1972-12-01,0.002355713692459,,0.019656652549552,0.0025031302181184
1973-01-01,0.0046948443042076,,0.0120920457650286,0.007472014838701
1973-02-01,0.0070011954589834,,0.0190481949706944,0.0049505051598561
1973-03-01,0.0092593254127968,,0.0233110788684469,0.0024660924951933
1973-04-01,0.0068886609951852,,0.0045977092486295,0.0073619964410691
1973-05-01,0.0045662179795811,,0.0204320388172059,0.0024420036555516
1973-06-01,0.0068104690025267,,0.0222231367847101,0.004866189651173
1973-07-01,0.0,,-0.0132745312086961,0.0072551708811718
1973-08-01,0.0179377006866672,,0.0562919162923867,0.0024067400305649
1973-09-01,0.004434597067866,,-0.0169855463657437,0.0095694510161508
1973-10-01,0.0088106296821548,,-0.0086022035826633,0.0023781224049672
1973-11-01,0.0065574005461588,,0.0043103515011222,0.0071006215495763
1973-12-01,0.0086768440256888,,0.0191699161077205,0.002355713692459
1974-01-01,0.010741241831413,,0.0331980694095954,0.0046948443042076
1974-02-01,0.0106270925742859,,0.0202027073175194,0.0046729056993926
1974-03-01,0.0105153439995229,,0.0119285708652738,0.0069686693160933
1974-04-01,0.0062565376143055,,0.0078740564309058,0.0023121397583796
1974-05-01,0.0103413537947325,,0.0155645165411115,0.016036998909817
1974-06-01,0.0081967672041782,,0.0038535693159902,0.009049835519918
1974-07-01,0.0061037829380179,,0.0377403279828469,0.0022497197340152
1974-08-01,0.0120969217088284,,0.0345803335967787,0.0089486055760141
1974-09-01,0.0139305735359469,,0.0,0.0088692377407797
1974-10-01,0.0078740564309058,,0.0177309609712317,0.0066006840313519
1974-11-01,0.0097561749453647,,0.0087489621932359,0.0021905813798186
1974-12-01,0.0077369825021524,,-0.0017436796048269,0.0065430985889358
1975-01-01,0.0076775808990343,,0.0017436796048269,0.002171553513508
1975-02-01,0.0057197486727869,,-0.003490404939769,0.0064865092296066
1975-03-01,0.0037950709685516,,-0.0052585572534669,0.0064447054426419
1975-04-01,0.003780722839906,,0.0104896066710198,0.0
1975-05-01,0.0018850146957714,,0.0069324367756449,0.0042735107773821
1975-06-01,0.0075047256540674,,0.0017256259674693,0.0063762171392758
1975-07-01,0.0093023926623136,,0.0119967162876317,0.0042283361095212
1975-08-01,0.003696861881326,,0.0050977170716688,0.0084034107963795
1975-09-01,0.0073529743052587,,0.0067567824628795,0.0020898649194591
1975-10-01,0.0054794657646253,,0.006711434587987,0.0062435166396852
1975-11-01,0.0072595600128044,,-0.0050293484050021,0.0082645098498934
1975-12-01,0.0054102927282473,,0.0033557078469721,0.002055499182096
1976-01-01,0.0035906681307285,,0.0033444847228469,0.0061412680220824
1976-02-01,0.0017905107737883,,0.0,0.0061037829380177
1976-03-01,0.0017873105740964,,0.001668057100697,0.0040485885260002
1976-04-01,0.0017841217935012,,0.0099503308531687,0.0060423144559627
1976-05-01,0.0053333459753623,,0.0032948958968521,0.0060060240602117
1976-06-01,0.0053050522296933,,0.0065574005461588,0.0039840690148744
1976-07-01,0.0052770571008435,,0.0065146810211942,0.0059464991877262
1976-08-01,0.0052493558861437,,-0.003252035386378,0.0098329209162388
1976-09-01,0.0052219439811516,,0.006493529310549,0.0058536752514606
1976-10-01,0.0051948168771041,,0.0016168152269049,0.0038835000263977
1976-11-01,0.0034482792789161,,0.0016142053545413,0.0096432762718041
1976-12-01,0.0051502259763154,,0.0080321716972644,0.003831422311556
1977-01-01,0.0051238369998696,,0.0047885167317964,0.0057197486727869
1977-02-01,0.010169579169629,,0.0110848324244932,0.0075757938084575
1977-03-01,0.0050462680676242,,0.0094044580279781,0.003766482795477
1977-04-01,0.0066889881507963,,0.0124032597834204,0.0074906717291576
1977-05-01,0.0033277900926753,,0.0046118452225627,0.007434978487518
1977-06-01,0.0049710127220201,,-0.0030721990369704,0.003696861881326
1977-07-01,0.0049464239353254,,0.001537279318887,0.0073529743052587
1977-08-01,0.0049220772054283,,-0.001537279318887,0.0036563112031107
1977-09-01,0.0032679767646159,,0.0046047663867483,0.0054595222048987
1977-10-01,0.0048820275973087,,0.0045836596676585,0.00723330459352
1977-11-01,0.0064725145056172,,0.0030441423812277,0.0053908486348765
1977-12-01,0.0048270407483155,,0.0060606246116909,0.0053619431413853
1978-01-01,0.0064000218454678,,0.0090226175996379,0.0088731726804864
1978-02-01,0.0047732787526575,,0.0104245173358838,0.0052863559231481
1978-03-01,0.0063291350516472,,0.0088496152769828,0.0070052825884086
1978-04-01,0.0078554999403088,,0.0131292914417926,0.0104167608582554
1978-05-01,0.0093458624182378,,0.0072202479734864,0.0051679701584426
1978-06-01,0.0077220460939102,,0.0071684894786132,0.0068493418455748
1978-07-01,0.0076628727455698,,0.0056980211146377,0.0068027473227525
1978-08-01,0.0060882988672545,,0.0,0.0033840979842405
1978-09-01,0.009063506153347,,0.0084866138773183,0.0084104785085963
1978-10-01,0.0089820963158278,,0.0112045990128626,0.0083403319162189
1978-11-01,0.0059435539008481,,0.0041695682367253,0.0049710127220203
1978-12-01,0.0059084366861661,,0.0082873402485699,0.0082304991365154
1979-01-01,0.0087977107035293,,0.0150173470669532,0.0049059787688545
1979-02-01,0.0101671173554445,,0.0147951589167476,0.0081235215214794
1979-03-01,0.01006478661614,,0.0119444021251515,0.0064516352814885
1979-04-01,0.0099644952594317,,0.0144075838632726,-0.0016090108057005
1979-05-01,0.011267724846343,,0.0077720598477029,0.0096154586994419
1979-06-01,0.0111421765532417,,0.0064308903302903,0.0079428535139367
1979-07-01,0.01101939524961,,0.0152674721307883,0.0063091691932646
1979-08-01,0.0095433580469004,,0.005037794029957,0.0062696130135955
1979-09-01,0.0094531426437551,,0.0161997312141091,0.0077821404420548
1979-10-01,0.0106952891167475,,0.0147241923939365,0.0015491869868293
1979-11-01,0.0105821093305369,,0.0060716640685498,0.0077101384259674
1979-12-01,0.0117725362252674,,0.0096386288377683,0.0076511467355195
1980-01-01,0.0142029501779932,,0.0213531244705693,0.0015232295405216
1980-02-01,0.0127390257774298,,0.0197565984360759,0.0090909717012519
1980-03-01,0.0138280016072922,,0.0068807610922227,0.0090090699423659
1980-04-01,0.0099379699901325,,0.0034227072775019,0.0044742803949211
1980-05-01,0.0098401778015109,,0.0056786069688437,0.0059347355198144
1980-06-01,0.0097442914746777,,0.0045197817056195,0.008836581800498
1980-07-01,0.0012113871862977,,0.0178775711074052,0.0058479698824231
1980-08-01,0.0072376673002301,,0.0132015118585364,0.0072621960417846
1980-09-01,0.008378265645998,,0.0021834069809436,0.0057720217971222
1980-10-01,0.009489988184848,,0.0119242605297351,0.0100215584610188
1980-11-01,0.0105696814896871,,0.0043010818993911,0.0099221225063164
1980-12-01,0.0093023926623141,,0.0064171343206327,0.0056258938821684
1981-01-01,0.0092166551049235,,0.0148150857851412,0.0069881486339282
1981-02-01,0.0091324835632731,,0.0094093741789267,0.0069396531105405
1981-03-01,0.0067950431328283,,0.0093216625271361,0.0082645098498934
1981-04-01,0.0056274768657287,,0.0102565001671894,0.0054719698779932
1981-05-01,0.0067114345879861,,0.0030565484825482,0.0054421903026851
1981-06-01,0.0088790816411306,,0.0020325210249225,0.0054127331067503
1981-07-01,0.0109891215755952,,0.0050633019565466,0.0053835930834726
1981-08-01,0.0076211582810721,,0.0,0.0093521055702798
1981-09-01,0.0097140537204731,,-0.0020222453807674,0.0053050522296933
1981-10-01,0.0032171609517757,,0.0010116338748442,0.0039604012160969
1981-11-01,0.0042735107773816,,-0.0010116338748442,0.005256253888827
1981-12-01,0.0031931905791555,,0.0,0.0013097578820633
1982-01-01,0.0031830265601211,,0.0090680722139699,0.0104167608582557
1982-02-01,0.0031729270405769,,0.0010025063496259,0.0
1982-03-01,0.0,,-0.002006018726866,0.0038784793285708
1982-04-01,0.0031628914085084,,0.0,0.0025773210143005
1982-05-01,0.0094290902888518,,0.002006018726866,0.0089686699827602
1982-06-01,0.0114049966139901,,0.0020020026706735,0.0012746974320005
1982-07-01,0.0051413995004185,,0.0039920212695374,0.0063492276786591
1982-08-01,0.0020491810449358,,-0.0009965122897392,0.0050505157860682
1982-09-01,0.0,,-0.0029955089797981,0.0
1982-10-01,0.0040858075225802,,0.0019980026626722,0.0025157245972473
1982-11-01,-0.0010198879007452,,0.0009975063171259,0.0025094116054256
1982-12-01,-0.003065919621835,,0.0019920325312403,0.0037523496185505
1983-01-01,0.0020449904877271,,-0.0029895388483662,0.0062227954382692
1983-02-01,0.0010209291341078,,0.0029895388483662,0.0037151745518633
1983-03-01,0.0010198879007452,,-0.000995520241501,0.0012353306079928
1983-04-01,0.0071102381825047,,0.0,0.003696861881326
1983-05-01,0.004040409537005,,0.003976148379639,0.004907985312192
1983-06-01,0.002014099371701,,0.0019821612039914,0.0024449889930666
1983-07-01,0.0040160696548898,,0.0029658944133776,0.0036563112031107
1983-08-01,0.0030015030037562,,0.0049236928617846,-0.0024360547978812
1983-09-01,0.0029925209364547,,0.0019627091678486,0.0085003547653923
1983-10-01,0.003976148379639,,0.0019588644853332,0.0048250998317569
1983-11-01,0.0029717703891574,,-0.0009789525989845,0.0
1983-12-01,0.0029629651306573,,0.0019569477869616,0.0024038473113945
1984-01-01,0.0068796340135364,,0.0058479698824225,0.0059844583152406
1984-02-01,0.0048852075660494,,0.0029112102074586,0.0
1984-03-01,0.0029197101033346,,0.0067600450577192,0.0035735594908645
1984-04-01,0.0038797332855891,,0.000962001036191,0.0047449673842256
1984-05-01,0.0019342365798307,,0.0009610764795509,0.0
1984-06-01,0.0019305025300582,,-0.0009610764795509,0.0035440084347295
1984-07-01,0.0038498603854417,,0.0019212301778939,0.0035314927814709
1984-08-01,0.0028776998276152,,-0.0038461585874784,0.0
1984-09-01,0.0028694424279525,,-0.0038610086574593,0.0046893403633863
1984-10-01,0.0038131600064144,,0.0,0.0
1984-11-01,0.001901141257024,,0.002897153161153,0.0023364496610196
1984-12-01,0.0018975337761917,,-0.0019305025300582,0.0046565858299505
1985-01-01,0.0018939399600705,,-0.0009666506310948,0.0
1985-02-01,0.00566039247171,,-0.0009675859487359,0.0034782643763251
1985-03-01,0.0046926411781926,,-0.0019379851026783,0.0023121397583794
1985-04-01,0.0018709079358112,,0.0019379851026783,0.003458216702957
1985-05-01,0.0018674141747956,,0.0019342365798307,0.0011500863832369
1985-06-01,0.0027945989310156,,-0.0019342365798307,0.0045871640069061
1985-07-01,0.0018587365946256,,-0.0009685230781304,0.0
1985-08-01,0.0018552881017459,,-0.0048567361129494,0.0022857152808559
1985-09-01,0.0018518523810735,,-0.0058593917638933,0.004555816535861
1985-10-01,0.0036934483353521,,0.0078049176693841,-0.0011370097870755
1985-11-01,0.0045977092486291,,0.004847319234325,0.0022727282510026
1985-12-01,0.0045766670274121,,0.0019323677510536,0.0067873563733997
1986-01-01,0.0036463121530205,,-0.00386847677792,-0.0022573373016498
1986-02-01,-0.0018214941283911,-0.3941900537105369,-0.0146415499929482,0.0033840979842407
1986-03-01,-0.0054844744421602,-0.2037658931824477,-0.013861608086624,0.0011254925217345
1986-04-01,-0.0036730987118609,0.018075148284987,-0.0070035303773376,-0.0011254925217345
1986-05-01,0.0027560881019796,0.1805026658156827,0.0040080213975395,0.0022497197340154
1986-06-01,0.0036630077587371,-0.1355769535423516,-0.0010005003335837,0.0022446698538236
1986-07-01,0.0009136592686749,-0.147348353183486,-0.0050175719919796,-0.0011217051091998
1986-08-01,0.0009128252573598,0.2645520864692186,-0.0010065426114014,0.0033613477027047
1986-09-01,0.0036429912785012,-0.0153489833488151,0.0010065426114014,0.0
1986-10-01,0.0018165309263977,0.0020154524793496,0.0030135633052639,0.0022346378014161
1986-11-01,0.001813237124181,0.0212491394821263,0.0010025063496259,0.0055648446334073
1986-12-01,0.003616640470188,0.0568298447553434,-0.0010025063496259,0.0
1987-01-01,0.0054005531800003,0.1464059489009415,0.007992050531338,0.0011092624542858
1987-02-01,0.0035842332278148,-0.0494606301683999,0.0049627893421293,0.0033204236373025
1987-03-01,0.0035714323675977,0.0305155439259507,0.0019782400121055,0.0022075064152105
1987-04-01,0.0044464279571343,0.020552372953321,0.0068931833753138,0.0011019284861566
1987-05-01,0.0026583976666101,0.0398793662315966,0.0068459925079897,0.0032985186586649
1987-06-01,0.0044150182091167,0.0318933637759535,0.0038910554929669,0.0
1987-07-01,0.0026396847707728,0.0613570830653604,0.0048426244757875,0.0010970928143732
1987-08-01,0.0043840491085349,-0.0494698702813138,0.0028943580263645,0.0065574005461588
1987-09-01,0.0034934533345598,-0.0391616307037057,-0.0009638554963062,0.0010887317351966
1987-10-01,0.002612104227925,0.0167559137284389,0.0038498603854417,0.0032591012009071
1987-11-01,0.0034722257107491,-0.0521947447230064,0.000960153698343,0.0054083420092609
1987-12-01,0.0017316021642779,-0.0869631505181103,0.0,0.0010781672203457
1988-01-01,0.0034542348680872,-0.008718451039881,0.0038314223115563,0.0010770060276379
1988-02-01,0.0017226533114467,-0.0194524259268153,0.0019102202561187,0.0
1988-03-01,0.0025784285879444,-0.0363676441708751,0.0009537435153097,0.0021505384632285
1988-04-01,0.0059906041371569,0.097552333210015,0.0085430040219476,0.0053561992005248
1988-05-01,0.0025564564413009,-0.0249446040239962,0.0065944657252812,0.0053276631077876
1988-06-01,0.0042462908814515,-0.0524420595914238,0.0065512634872213,0.0
1988-07-01,0.004228336109521,-0.0643368879077321,0.0065086236273872,0.0042417879083629
1988-08-01,0.0042105325363435,0.0012894908298717,0.0009263548601312,0.0010576415581358
1988-09-01,0.004192878260036,-0.0652260426496993,0.0009254975209422,0.0052714934935118
1988-10-01,0.0033416906619025,-0.0544111593648097,0.0009246417672192,0.005243850506011
1988-11-01,0.0033305609471652,0.0265153477278632,0.0009237875945631,0.0020898649194589
1988-12-01,0.0033195051228522,0.1470534179564966,0.0064427282221988,0.0020855064910216
1989-01-01,0.0041339455317279,0.0954211737552683,0.0136676387286645,0.0051948168771041
1989-02-01,0.003294895896853,-0.0044493955495417,0.0027112533553754,0.0031039859375909
1989-03-01,0.0049220772054283,0.082355441583739,0.00629781658699,0.0020639842208511
1989-04-01,0.0073379864529128,0.0784619296017083,0.0071492708442244,0.005141399500419
1989-05-01,0.0048622462080345,-0.0461358825845588,0.0079823040246846,-0.0010261673553122
1989-06-01,0.0032284128121187,-0.0034851914789606,-0.0026536946134658,0.0030753484002477
1989-07-01,0.0032180236942007,-0.0135578275580119,-0.0008861320916579,0.0061224681043836
1989-08-01,0.0,-0.0625855928088738,-0.0071174677688645,0.0
1989-09-01,0.0024067400305654,0.052933498570757,0.003565066164497,0.004060919286315
1989-10-01,0.004796172263493,0.025700583108581,0.0035524016043675,0.0050530678513913
1989-11-01,0.0039793128514808,-0.0120121564480037,-0.000886918018228,0.0010075567602996
1989-12-01,0.0031720883061439,0.0605653818649942,0.0026583976666101,0.0050226122662917
1990-01-01,0.009456335242036,0.0801156178846436,0.0166743661423689,0.0040000053333457
1990-02-01,0.0039138993211356,-0.0333586634973093,-0.0043611059090125,0.0049776110737522
1990-03-01,0.0046765478839017,-0.0809854102829912,-0.0017497817237872,0.0039643263019089
1990-04-01,0.0023300981416234,-0.1010648129046321,-0.0008760403538801,0.0009886308269395
1990-05-01,0.0015503879074545,-0.012558177598982,0.0043725474126095,0.0039447782910166
1990-06-01,0.0061776258239572,-0.0860128746600401,-0.002621233479874,0.0039292781398891
1990-07-01,0.0046083030861945,0.0996556510638266,0.0017482521935292,0.0019588644853332
1990-08-01,0.0083937921284684,0.3921885649990773,0.017316450011461,0.0019550348358032
1990-09-01,0.0068156265350598,0.2045909662636056,0.0161774494441493,0.0029254043291051
1990-10-01,0.0067694880552471,0.072785530990918,0.0200675630508095,0.002916871295123
1990-11-01,0.0022463506263736,-0.1086338410027956,-0.0058115564147769,0.0019398648178268
1990-12-01,0.003732740429684,-0.1698417587620801,-0.0117254274703153,0.0019361090268663
1991-01-01,0.0037188588787371,-0.0781200703222948,0.0025241914959073,0.0028971531611525
1991-02-01,0.0007421150618878,-0.2085849624816593,-0.015241615968617,0.0019267828697002
1991-03-01,0.0,-0.0287290684408603,-0.0085690327251013,0.0019230775157415
1991-04-01,0.0022230464879466,0.0456745235424338,-0.0017226533114467,0.0047915760098993
1991-05-01,0.0036941305401416,0.0190210204422842,0.0043010818993911,0.0038167985267008
1991-06-01,0.0029455102297575,-0.0502278433904188,-0.0008587377084179,0.0009519277253819
1991-07-01,0.0014695079793591,0.0582034897030596,-0.0025806465934916,0.0028503582243564
1991-08-01,0.002932553421278,0.0134604028109772,0.0008609557139651,0.0018957351648993
1991-09-01,0.0029239786914354,0.0091785866959885,-0.0008609557139651,0.0018921481520379
1991-10-01,0.0014587894636592,0.0594146352475464,0.0025806465934916,0.0009447331831617
1991-11-01,0.0043636432877738,-0.033708597472021,0.0,0.0018867930125763
1991-12-01,0.0028985527540115,-0.141321483740596,-0.004304784951632,0.002823531287607
1992-01-01,0.0007233273371429,-0.0370896521443269,-0.0025917941074284,0.0
1992-02-01,0.00216684808509,0.0116403430749638,0.0034542348680872,0.0018779348241997
1992-03-01,0.0036010121735943,-0.0047455928766053,0.0008616975974815,0.0018744147943503
1992-04-01,0.0021543993970265,0.0669470875559214,0.0017211708207724,0.0037383221106073
1992-05-01,0.0021497679364923,0.0364029517884971,0.007708817618294,0.0018639334380625
1992-06-01,0.0028591870800456,0.0650448276425121,0.0068027473227525,0.0027894020875787
1992-07-01,0.0028510354308393,-0.0276223131058488,-0.0008478169223398,0.0009280743125539
1992-08-01,0.0021329549501416,-0.0204088716312074,-0.0016977932770938,0.0027790661702655
1992-09-01,0.0021284151348259,0.0249897316801734,0.0025456101994336,0.0018484293617824
1992-10-01,0.0042432878378662,-0.0087216527149975,0.0008470987376512,0.0018450189735692
1992-11-01,0.0028188884064199,-0.064261934218369,-0.0025434519858302,0.0009212345193208
1992-12-01,0.0014064699927516,-0.0468009934394952,-0.0016992357529597,0.0036764747293087
1993-01-01,0.0035075448096781,-0.0197717158728605,0.0033955890011387,0.0027485129533491
1993-02-01,0.0020986366569202,0.0542054975187848,0.0033840979842398,0.0018281540740625
1993-03-01,0.0013966482717213,0.0113834438834379,0.0025305791657173,0.0036463121530201
1993-04-01,0.0034831104528203,-0.0034508291577326,0.0050420274882476,0.0
1993-05-01,0.0027777795639023,-0.0149256502166759,0.0033472834600578,0.0018181823190586
1993-06-01,0.0006932409289763,-0.0440645055982162,-0.0016722411923622,0.0018148825308226
1993-07-01,0.0013850417726617,-0.0649227402170282,-0.0025136167403161,0.001811594698351
1993-08-01,0.0020739723991294,0.0066852616672368,-0.0042034530156271,0.0018083187567836
1993-09-01,0.0013802624689578,-0.0287262782583961,0.0,0.0018050546417298
1993-10-01,0.0041293933420112,0.036469679781391,0.0033641747456316,0.003600363925178
1993-11-01,0.0027434859457509,-0.088665637085656,-0.0008399832497243,0.0017953326186743
1993-12-01,0.0020526863177421,-0.1344779142285537,-0.0033670065479043,0.0026869698208251
1994-01-01,0.0,0.0345211943682333,0.0042069897976286,0.0017873105740955
1994-02-01,0.002730377122857,-0.0167732882448277,0.001677852742616,0.0044543503493805
1994-03-01,0.0027229424584565,-0.0067888923336858,0.0033472834600578,0.0
1994-04-01,0.0006795786873841,0.1120140808379126,0.0,0.0017761994012555
1994-05-01,0.0020359694850986,0.0857417934963455,0.0016694494695403,0.0017730501098855
1994-06-01,0.0027081939368791,0.0633500007054279,0.0049916908972411,0.0017699119664587
1994-07-01,0.0033749610165259,0.0309942164929646,0.0016583751727763,0.002649008171577
1994-08-01,0.0040349752121793,-0.0673229977914795,0.0041339455317279,0.001762114993399
1994-09-01,0.0020113985996852,-0.0519234682791047,-0.0016515280384723,0.0026373641660857
1994-10-01,0.0006695681535724,0.0153542965284985,-0.0008267879759946,0.0026304267687731
1994-11-01,0.0026737983844027,0.0195591594272026,0.0049505051598561,0.0026235257723845
1994-12-01,0.0020006675562962,-0.0516720105443209,0.0032867737066233,0.0026166608911717
1995-01-01,0.0026613455495141,0.0500104205746612,0.0081699800847632,0.0
1995-02-01,0.0026542815848733,0.0289558607301367,0.0048701394960426,0.0043459433895471
1995-03-01,0.0019860979716295,-0.0016168152269053,0.0032336325670643,0.0017331026868352
1995-04-01,0.0039604012160969,0.0707891715927377,0.0056338177182562,0.0008654262764284
1995-05-01,0.0019743343037168,-0.0080726977251113,0.0024048107781791,0.0025917941074289
1995-06-01,0.0019704439872993,-0.0675826635187992,0.0031974447704907,0.0034453091789128
1995-07-01,0.0013114755978103,-0.0626252667590216,0.0,0.0034334797678914
1995-08-01,0.0019639940846598,0.0390431484526772,-0.0015974444291568,0.0017123291855125
1995-09-01,0.0013071897286218,0.0115863365103798,0.0007990411931322,0.0034158871814069
1995-10-01,0.0026092643636133,-0.0448757291586421,0.0007984032360246,0.001703577924784
1995-11-01,0.0013020835172987,0.0316231884305122,0.0007977662967979,0.0025499376332724
1995-12-01,0.0013003903002832,0.0562006333456164,0.002389487397381,0.0025434519858302
1996-01-01,0.0051847167341865,-0.0089734041027469,0.0047619137602437,0.0042247633603085
1996-02-01,0.0019373593402267,0.0121213605323449,-0.0007920792493321,0.000842815051997
1996-03-01,0.0032206147000417,0.1109498947456031,0.001583531605644,0.0016835020811138
1996-04-01,0.0038510959020978,0.0968858886668542,0.0078802614253055,0.0058700378197955
1996-05-01,0.0019200005898243,-0.1044153360033397,0.0054794657646262,0.0016708441648174
1996-06-01,0.0019163212507642,-0.0360702724102539,-0.000780944983072,0.0041649372992842
1996-07-01,0.0019126559863327,0.0421922599788597,0.0,0.0016611299500763
1996-08-01,0.0012730746467983,0.0277795641070754,0.0023410077019736,0.0033140046900372
1996-09-01,0.0031756139738865,0.0903164116238377,-0.0007797271350211,0.0033030583292577
1996-10-01,0.0031655613645611,0.0372612194246859,-0.0015612805669524,0.0024701535820619
1996-11-01,0.0031555721988096,-0.0481673677936647,0.0015612805669524,0.00328407520119
1996-12-01,0.0025173078113773,0.0621368625756524,0.0069957533660272,0.0032733253449692
1997-01-01,0.0018838310123738,-0.0039714110974657,0.0046367934698015,0.0040766464937633
1997-02-01,0.0018802888648519,-0.1248713696332797,-0.0092951869871233,0.0016260166184185
1997-03-01,0.0006259781112074,-0.0560981370083926,-0.0093823987719137,0.0032441228776241
1997-04-01,0.0006255865077342,-0.0624742091698857,-0.0023594191047697,0.0032336325670647
1997-05-01,0.0,0.0552954274428802,0.0031446566794715,0.0032232098815687
1997-06-01,0.0018744147943507,-0.0778836568168435,-0.0015710922320408,0.0024106078366874
1997-07-01,0.001247660798155,0.020555708349041,-0.0023612761856801,0.0032051309489484
1997-08-01,0.0024906613124517,0.0146430286168519,0.0023612761856801,0.0055843782939004
1997-09-01,0.0024844733276614,-0.0075472056353826,0.0023557136924594,0.0023837913552759
1997-10-01,0.0018593125901835,0.0744325947827695,0.0023501773449527,0.0047506027585981
1997-11-01,0.0012376239203497,-0.0549271001585132,0.0007821666413629,0.0039416684853326
1997-12-01,0.0006182380413308,-0.0966483704731326,-0.0086376665816718,0.003142186403072
1998-01-01,0.0012353306079919,-0.091933454195058,-0.0111024138043047,0.0031323439863162
1998-02-01,0.0,-0.0402738991379396,-0.0031948908965189,0.0031225630367939
1998-03-01,0.0,-0.0603133377672286,-0.0024028846163108,0.00311284298049
1998-04-01,0.001233806448929,0.015097103281819,0.001602564445541,0.0038774767464206
1998-05-01,0.0024630554323978,-0.0290833452565588,0.0016000003413338,0.003091192569673
1998-06-01,0.0012292564547298,-0.0831775064789077,-0.0024009615375382,0.0023121397583794
1998-07-01,0.002453988961566,0.0322724314048499,0.0008009611962043,0.0007695267790284
1998-08-01,0.0012247398958962,-0.0506620632803165,-0.0056202476321534,0.005370170174594
1998-09-01,0.0006118079114054,0.1095832133426104,-0.0032258092488826,0.0030557701394777
1998-10-01,0.0024434954124759,-0.0386619870342643,0.0016142053545413,0.0022857152808559
1998-11-01,0.0012195123462612,-0.106436859269082,-0.0032310205814463,0.0022805026987251
1998-12-01,0.0018264845260347,-0.1357316135341251,-0.006493529310549,0.0030326027790441
1999-01-01,0.0018231545615146,0.0981096217445407,0.0008140008589476,0.0045317298098823
1999-02-01,0.0,-0.0415877295800601,-0.0048939738788629,0.002258186883592
1999-03-01,0.0006069802917769,0.2007463870944774,0.0024499808089846,0.0030030052597695
1999-04-01,0.0066525797210275,0.1647983460017483,0.0081235215214796,0.0029940142126045
1999-05-01,0.0006025911601446,0.0234095759888166,0.0088603076623998,0.0029850768434531
1999-06-01,0.0,0.0112234623698497,0.0040016059800072,0.0037188588787371
1999-07-01,0.0042080014002046,0.1148024075182458,0.0039856569302036,0.0029651615498345
1999-08-01,0.0023966458446,0.0570478494084132,0.0095012591241401,0.0014792902105895
1999-09-01,0.0041803584317579,0.1119179162039856,0.0086308891992752,0.0058953744806777
1999-10-01,0.0017862463814637,-0.0477612818856787,-0.0023465008811234,0.0022018357519413
1999-11-01,0.001783061393656,0.0969515260764501,0.004687508583097,0.0014652017273282
1999-12-01,0.0023724803536309,0.0430594894604472,-0.0039047296781564,0.002923978691435
2000-01-01,0.0029577069772326,0.0434851119397388,0.0039047296781564,0.0029154539601239
2000-02-01,0.0041261479111724,0.0745533189421423,0.0116235326483993,0.004357305368956
2000-03-01,0.0058651194523982,0.0158760301250313,0.0076746347531084,0.0036166404701885
2000-04-01,-0.0005849663811146,-0.1485808759661417,-0.0007648183929225,0.0028839241329046
2000-05-01,0.0017538735860958,0.1127592052546657,0.0068623982610409,0.002875631025462
2000-06-01,0.0058241282859885,0.1000669182855564,0.0165791288029115,0.0035829490139498
2000-07-01,0.0028993931590024,-0.0689479771009868,-0.0007476635862309,0.0028571448007799
2000-08-01,0.0,0.0511922791846766,-0.0060015183886976,0.0035599895198537
2000-09-01,0.0051978170736175,0.0804855447905232,0.0134531176971188,0.0042553255701385
2000-10-01,0.0017266191339873,-0.022989518224699,0.0051832770618558,0.0028268570061529
2000-11-01,0.001723643058165,0.0388024392242387,-0.0029585820397448,0.0042253583991715
2000-12-01,0.002293578987099,-0.1908411858483534,0.0088496152769819,0.0042075798400151
2001-01-01,0.0057110377955149,0.0396398614770783,0.0275180288938923,0.0
2001-02-01,0.0022753138371349,0.0006756757013817,-0.0187460428210552,0.0048865716783019
2001-03-01,0.0005680204640086,-0.0830586210042469,-0.0109770586311501,0.0041695682367248
2001-04-01,0.0017021280705309,0.0087687810679013,0.0036724242522634,0.001386001607877
2001-05-01,0.0050890695074716,0.0406328169328693,0.0029282597790887,0.0041465159618487
2001-06-01,0.0022535220804433,-0.0366393463869192,-0.0095483648686949,0.0027548226788445
2001-07-01,-0.0016896652851272,-0.0433160441069069,-0.0156195068382318,0.0006875215121282
2001-08-01,0.0,0.0349477944363902,0.0,0.0034305350967893
2001-09-01,0.0039381204201376,-0.0436881122855368,-0.0007499062968605,0.0013689256073416
2001-10-01,-0.0028113597375467,-0.167019387138831,-0.0227627430538639,0.0027322421368727
2001-11-01,-0.000563221642599,-0.1211717207019003,-0.0038446798608093,0.0040844168422249
2001-12-01,-0.0005635390399918,-0.0128108336717591,-0.0131835953673009,0.0013577734604601
2002-01-01,0.0016896652851272,0.0168758799199286,0.0031176954325857,0.001355932411136
2002-02-01,0.001686815131479,0.0494660682167928,-0.000778513079414,0.0013540963477289
2002-03-01,0.0028050509276082,0.1687974408791159,0.0108444130141291,0.0027027043478855
2002-04-01,0.0044717793913937,0.0650989022113557,0.0076746347531084,0.0013486178712933
2002-05-01,0.0011148273172461,0.0323214906930093,0.0,0.0026917916657116
2002-06-01,0.0005569479397662,-0.057854792698174,0.000764233892756,0.0033545821461529
2002-07-01,0.0022246950221109,0.0552626786750494,0.0022892035941337,0.002675586880438
2002-08-01,0.0027739268827255,0.0513118333332411,0.0022839751078311,0.0033344479044514
2002-09-01,0.0016606701851404,0.043762366224906,0.0060652195030908,0.0019953448588965
2002-10-01,0.0022099456508026,-0.0280360242930375,0.0067796869853786,0.0046403795565019
2002-11-01,0.0016542600960258,-0.0902950374293767,-0.0007510327052226,0.0019821612039914
2002-12-01,0.0016515280384732,0.1115651360471128,-0.0015037596818663,0.0032948958968521
2003-01-01,0.0043907864174901,0.1119578499140319,0.0178975694575429,0.0006576784189711
2003-02-01,0.0054615100255217,0.083794270368346,0.0168563903225003,0.0045916774671725
2003-03-01,0.0016326534238855,-0.0669416295676432,0.0258263995598984,-0.0006546645078331
2003-04-01,-0.0038136793702454,-0.1735863198609379,-0.0316573198706908,0.0006546645078331
2003-05-01,-0.0016388968432101,-0.0021321969698404,-0.0007312614585464,0.0032669091453483
2003-06-01,0.0010928962836445,0.0868334885252273,0.0094649414273009,0.0019550348358032
2003-07-01,0.0032715405406156,0.0032562711937753,-0.0021762794225956,0.0026007817000577
2003-08-01,0.0043454712595014,0.0259921579324569,0.0021762794225956,0.0012978587155996
2003-09-01,0.0032467560988704,-0.1089922034460921,0.003616640470188,0.0
2003-10-01,-0.0010810811863732,0.0692518747965782,0.0057595551583666,0.0
2003-11-01,0.0005406866852455,0.0250623369891593,-0.0028756310254616,0.0025906750240927
2003-12-01,0.0026990569691651,0.0322608622182216,0.0043103515011218,0.000646621425699
2004-01-01,0.0043033955600533,0.065646683742591,0.0135281522010526,0.0025823126034723
2004-02-01,0.0021447729401335,0.0110146041112999,0.004938281640582,0.0012886599721482
2004-03-01,0.0021401827323677,0.0574146188053212,0.00701265145935,0.0019298815896502
2004-04-01,0.0016021365242773,0.0002721458718659,0.0118097933892116,0.0019261643194394
2004-05-01,0.0042598573469581,0.0917168421915159,0.0137176362287991,0.0025624613636998
2004-06-01,0.0037125473561845,-0.0574797459101934,0.0027210901143606,0.0025559119345444
2004-07-01,0.0010582011569475,0.069816443206141,0.0013577734604597,0.0012755103770114
2004-08-01,0.0005286809533657,0.0962460296018994,0.0040622940088788,0.0025461503252453
2004-09-01,0.0031662295580501,0.0228984025127436,-0.0020290842267804,0.003173598347542
2004-10-01,0.0052548728383587,0.1482248289711814,0.0154521045589213,0.0018993358036523
2004-11-01,0.0047058910374122,-0.094615976374849,0.0092900469070933,0.0018957351648989
2004-12-01,0.0,-0.1162626323278477,-0.0079576016733149,0.0012618298204221
2005-01-01,-0.0005217845148388,0.0820551212000797,0.0046496264437694,0.0025188930194843
2005-02-01,0.0041666726948461,0.0275835995146178,0.0046281074344678,0.0018850146957709
2005-03-01,0.0036316512028626,0.1181752513338882,0.013757177336279,0.0025078383049641
2005-04-01,0.0031023809784818,-0.022581905734099,0.0084224663746965,0.0025015647817023
2005-05-01,-0.0005163955704734,-0.0612972715506106,-0.0045263575501319,0.0018720754297447
2005-06-01,0.0005163955704734,0.1229650281924721,0.0,0.0024906613124517
2005-07-01,0.0061760361005642,0.0459552034199344,0.0128784780583162,0.0043437859178454
2005-08-01,0.0061381266887856,0.0966959680005379,0.0082829399963477,0.0012376239203502
2005-09-01,0.0136745610201733,0.0091898333993869,0.0287699642575338,0.0012360941005282
2005-10-01,0.001507916847677,-0.0521040802921826,0.0243617407400353,0.0055435928848504
2005-11-01,-0.0050352573656455,-0.0653740773130593,-0.015156398044259,0.0012277472383224
2005-12-01,0.0,0.0185174746672469,-0.0042852835703266,0.0036742233618842
2006-01-01,0.0060392735142436,0.0974348968623122,0.0079438242364604,0.0036607728496811
2006-02-01,0.0005016303089888,-0.0607486942558104,-0.0153330204188311,0.0036474204570433
2006-03-01,0.0015033828940316,0.0170531803117253,0.0024691370569209,0.0036341651142195
2006-04-01,0.0049950153805227,0.1022611250662182,0.0128638833619101,0.0054266036092909
2006-05-01,0.002985076843454,0.0199607425625378,0.0090882176579718,0.0012019232216164
2006-06-01,0.0024807752737627,0.0015515906914185,0.0018077739180544,0.0041953912301027
2006-07-01,0.0054361389122599,0.047614937803118,0.0042054733053973,0.003582093382505
2006-08-01,0.0044258739568556,-0.018583105122456,0.0065730741588492,0.0023809535057415
2006-09-01,-0.0049188490715961,-0.1352540459359694,-0.0150017814939049,0.0029682420130749
2006-10-01,-0.0044477463982364,-0.0800818933942641,-0.019536640908278,0.0035502995871672
2006-11-01,0.0004951720824131,0.0032211607066994,0.0146881465616566,0.0029489847381571
2006-12-01,0.005430771185134,0.0475965578854884,0.0060569537081898,0.0041140228463243
2007-01-01,0.0016579060562325,-0.1281048444724781,-0.0097088141269603,0.0023432933979736
2007-02-01,0.0038708491335395,0.0838878099116424,0.0169290621004476,0.004087596932317
2007-03-01,0.0051866474931996,0.0193791564167069,0.0148767992144431,0.0034904049397681
2007-04-01,0.0029961694819986,0.0569193971168333,0.0123277170245899,0.0028993931590024
2007-05-01,0.0041244766569237,-0.0081607483663228,0.0110241905578813,0.0040450791938089
2007-06-01,0.002314072179459,0.0615696526002658,0.0028810161097307,0.0040287824277016
2007-07-01,0.0017790124666809,0.0937059626618443,0.0074520264605144,0.0028677966313583
2007-08-01,0.0003082332001183,-0.0240317408900647,-0.0155398810622129,0.0022883305180125
2007-09-01,0.0042286002454385,0.0993724738132035,0.0063602411573207,0.0028530689824064
2007-10-01,0.003078494401099,0.0709928721536181,0.0068926177530972,0.0017079423451558
2007-11-01,0.0078281640828734,0.0994338969881871,0.0243155887007437,0.0028401041527481
2007-12-01,0.0028938234029487,-0.0330395814202946,-0.0022371373983558,0.0028320607997183
2008-01-01,0.0034417753671736,0.0138635384059577,0.0133483628234269,0.0033879196719359
2008-02-01,0.002414908637454,0.0256968906893497,0.0093484321181351,0.0033764804166063
2008-03-01,0.0035716418927451,0.1002631557676672,0.0280644430354586,0.0039248718732971
2008-04-01,0.002311706965508,0.0654271731110966,0.0158398243122821,0.0027940783754476
2008-05-01,0.0059000520681236,0.1078445481629399,0.0294214769813638,0.00334262149669
2008-06-01,0.010423718797166,0.065435248144305,0.019643039033558,0.0033314855910031
2008-07-01,0.0071160653935047,-0.0038166557088219,0.0246317871896657,0.0033204236373025
2008-08-01,-0.0014895846082954,-0.1337777837985374,-0.0321412092117974,0.0044101504775526
2008-09-01,0.0008547262996732,-0.1139014043491046,-0.0106088390794125,0.0010995053334168
2008-10-01,-0.008635616399558,-0.3067204159579315,-0.0548010833935892,0.0027434859457509
2008-11-01,-0.0178640940928183,-0.290252487965084,-0.0528757520479477,0.0032822786579185
2008-12-01,-0.0082676050540815,-0.3319805074167363,-0.033940560081997,0.0043596799298106
2009-01-01,0.0025275743322668,0.0142462870619444,0.0017538735860958,0.0
2009-02-01,0.0036360422314452,-0.0648742284039904,-0.0111601745685518,0.0027151795122182
2009-03-01,-0.0009877705412728,0.2040835492013748,-0.0071132487245195,0.0027078272705853
2009-04-01,0.0010065757521973,0.0350481614849433,0.0059312154899648,0.0016211838189996
2009-05-01,0.0014704123326474,0.1730473987614162,0.0100030254499348,0.0005398110792351
2009-06-01,0.0082653598554411,0.16529332564739,0.0191365654196733,0.001617687060786
2009-07-01,-0.0002980098551557,-0.0821150238383428,-0.0092326103027282,0.0016150743752985
2009-08-01,0.0033428597908793,0.1021597634814641,0.0143887374520996,0.0042941558202787
2009-09-01,0.0019290254668362,-0.0233529051916168,-0.0051561271493714,0.0016055663069094
2009-10-01,0.0029974349985852,0.0870113769896292,0.0062983317281481,0.0021367529497351
2009-11-01,0.0033429965449309,0.0295382870012845,0.0124788913731874,0.0031965930256276
2009-12-01,0.0005200411547976,-0.0461842536198524,0.0039381204201376,0.0021253993123133
2010-01-01,0.0006485218758465,0.0505343116565937,0.0211118952284605,0.0021208915691373
2010-02-01,-0.000952229876745,-0.0250788738258789,-0.0049600542582508,0.0015877219530118
2010-03-01,0.0003313132458968,0.0610634496143633,0.0126271235798336,0.0005286809533662
2010-04-01,0.0002300140778759,0.0373479868417589,0.0059831562768337,0.0021119332031434
2010-05-01,-0.0005199071645751,-0.133717841203393,0.00216684808509,0.0026336596734619
2010-06-01,-0.000418882877728,0.0214658094578972,-0.0070594917129582,0.0010515248077203
2010-07-01,0.0018675086613582,0.012923824876136,0.003264420744407,0.0005253480551612
2010-08-01,0.001460296727239,0.0036620496065138,0.0043360501540465,0.0036697288889624
2010-09-01,0.0016139463106572,-0.0179140723137152,0.0,0.0
2010-10-01,0.0034757987017952,0.0846938788492668,0.0091521500201645,0.0052192185282833
2010-11-01,0.0025306368592339,0.028411685950374,0.0058776551792192,0.0
2010-12-01,0.0040085314388491,0.0565317750766789,0.0105989333485059,0.0010405828202233
2011-01-01,0.0032377948808059,0.000224315837638,0.0156906984793518,0.005186733619551
2011-02-01,0.0032093192514253,-0.0066385616517354,0.0159591546760893,-0.0010351967798163
2011-03-01,0.0051602113856565,0.1494627418517176,0.0172156150540878,-0.0005180005295835
2011-04-01,0.0046831160490556,0.0628296439888851,0.0193891234358414,0.0031039859375914
2011-05-01,0.0031766637911196,-0.0820685569760915,0.0049116012294598,0.0025793153324875
2011-06-01,0.0,-0.0470770634846005,-0.0009803922353892,0.0
2011-07-01,0.0026166105186637,0.010746125316996,0.0034271759371167,0.0035999010334704
2011-08-01,0.003149497288911,-0.1196218269445275,-0.0068661378131995,-0.0005134788302809
2011-09-01,0.0021691934558836,-0.009426895530642,0.0024576075284334,0.0010266941353611
2011-10-01,0.0006749796769751,0.0093110542330894,-0.0128460264541541,0.003585151087202
2011-11-01,0.0018461448804947,0.1182977831840927,0.0014906835058559,0.0
2011-12-01,0.0002376802419687,0.0143063956512383,-0.0079761140700087,0.0005111168013134
2012-01-01,0.0027204921572616,0.0172010477506239,0.0044943895878386,0.0010214505484644
2012-02-01,0.0021351650368677,0.0190651302337698,0.0044742803949215,-0.0005105948540848
2012-03-01,0.0020912821313983,0.0380157122543485,0.0128143695333511,0.0030596658239554
2012-04-01,0.0016594107660745,-0.0271164217963129,-0.0024515824978044,0.0020345886977874
2012-05-01,-0.0020703217702822,-0.087539443749538,-0.0088757979139684,0.0
2012-06-01,-0.000826704797574,-0.1399204167950776,-0.0104556591043385,0.0015232295405214
2012-07-01,0.0002887682305008,0.0658286970081079,0.001500375375234,0.0020273701825019
2012-08-01,0.0057927177431231,0.0684770008679969,0.0129098118682664,-0.0005064573417952
2012-09-01,0.0047599198634582,0.0040288434478359,0.0083518048715953,0.0025297256091389
2012-10-01,0.0026931647544001,-0.0545787618121975,-0.0044128534468992,0.0
2012-11-01,-0.0016807561740774,-0.0336357125761193,-0.0083888969631411,0.0025233422422523
2012-12-01,-0.0001210889356464,0.0152534639289854,-0.0014877265327708,0.0030196298737199
2013-01-01,0.0019788297664797,0.0756027407429513,0.0049505051598561,0.0015064024942565
2013-02-01,0.0054152378489549,0.0057873576589502,0.0088496152769819,0.0030060142876053
2013-03-01,-0.0028158799739523,-0.0251806132927026,-0.00146950797936,0.0010000000833332
2013-04-01,-0.0020901621343405,-0.0099481789295099,-0.002453988961566,0.0014981276210219
2013-05-01,0.0004140697507883,0.0266997042796424,0.0029440649331489,0.000498877535914
2013-06-01,0.0023775795219549,0.0132438345265635,0.0009794320077771,0.0039820858991221
2013-07-01,0.0019555389871959,0.0888630603332645,0.0004893565059731,0.000496647638716
2013-08-01,0.002384445631371,0.0179895023660723,-0.0009789525989845,0.0014884646757042
2013-09-01,0.0003768736661315,-0.0026308386873745,-0.001470228150155,0.0029702992135334
2013-10-01,0.0005350878634899,-0.055615549281061,-0.0068897910338154,0.0009881423728943
2013-11-01,0.0018427904455773,-0.068751347898158,-0.00644044832101,0.0029585820397448
2013-12-01,0.0026406794933659,0.0393805128713085,0.0039682591756209,0.0014760150281207
2014-01-01,0.0024212417175748,-0.0313159530345776,0.0088714233874194,0.0024551939659498
2014-02-01,0.0011001732077007,0.0634678784514823,0.0092796758702871,0.0058679874979254
2014-03-01,0.0020399731402491,-0.0001983930172162,0.0062999966064571,-0.0004876859399267
2014-04-01,0.0018624501675628,0.0125204967781389,0.0062605550015577,0.0004876859399267
2014-05-01,0.0019011974817404,0.0010771114872447,-0.0014412685656086,0.0009746589465531
2014-06-01,0.0013202602787965,0.0347200330960308,0.0014412685656086,0.0034038447646929
2014-07-01,0.0011248524027509,-0.0210151969286718,-0.0014412685656086,0.0004853191068323
2014-08-01,-0.0001600141489603,-0.0704833698376639,-0.004819286435949,0.0024230687891249
2014-09-01,7.158844228705163e-05,-0.0351024181592816,-0.0029027596579611,0.0
2014-10-01,-0.0001979334907824,-0.0992876104711539,-0.0146415499929482,0.0019342365798307
2014-11-01,-0.0018844345845421,-0.1076010437779739,-0.0123672117935704,0.0033759376166977
2014-12-01,-0.0030893766581243,-0.2455257001046611,-0.0196035430829004,-0.0028929624805282
2015-01-01,-0.0063906934924871,-0.2276231260619097,-0.0257083567102069,0.0043363112997796
2015-02-01,0.0025314368884981,0.0687387095844522,-0.0046985207815541,0.0019212301778939
2015-03-01,0.0026903295965814,-0.0561122792116401,0.0020909573744729,0.0033532965553759
2015-04-01,0.0010419358923821,0.1298388873487908,-0.0031380778889982,0.0004781257561798
2015-05-01,0.0032923197040535,0.084820426420777,0.0130108522874916,0.0028639637714289
2015-06-01,0.0027640971717151,0.0092367774020551,0.0072128081892408,0.0009528347552718
2015-07-01,0.0015850629039944,-0.1614771296453248,-0.0046308289598284,0.0014275519911852
2015-08-01,-4.2010893430699525e-06,-0.1716906429465914,-0.010368159234952,0.0037968721456209
2015-09-01,-0.0022501171352722,0.0591003882724496,-0.0146984273492423,-0.0009478673695459
2015-10-01,0.0009889928020463,0.0161399359638991,-0.0084971302539464,0.0047303777895244
2015-11-01,0.0011939045033511,-0.0853212911004521,-0.0096463770518049,0.0009433962963836
2015-12-01,-0.0010761322495165,-0.1320514058088036,-0.011917800864035,0.0009425071385735
2016-01-01,-0.0004585486804522,-0.1603543409907537,-0.0049166993337568,0.0037611703953608
2016-02-01,-0.0013305601262363,-0.0438780061720538,-0.0071448504000626,0.0009380863727335
2016-03-01,0.0031298930089276,0.2138658174359724,0.0044028689727566,0.0028089906110548
2016-04-01,0.0038233269232099,0.0817824614767279,0.0060224655064677,0.0032672141082383
2016-05-01,0.0023613057911546,0.136502434827145,0.0113976810512834,0.0009315324381113
2016-06-01,0.0027721114340346,0.042952030099054,0.0123359032808103,0.0018604656529195
2016-07-01,-0.0005038276433131,-0.0880559972905627,0.0005329070203385,0.0027842245364051
2016-08-01,0.0018475140801852,0.0015665215243356,-0.0058776551792192,0.0009263548601308
2016-09-01,0.0026197751847689,0.0102336821930135,0.0016064260482737,0.0009254975209427
2016-10-01,0.0023399476837555,0.0969587858995888,-0.0010706639138406,0.0041541716791382
2016-11-01,0.0011782533036424,-0.0863906558377967,-0.0021447729401335,0.0
2016-12-01,0.0025213409056821,0.1294439879187012,0.0101469495437367,0.0023004380975417
2017-01-01,0.0040349254236584,0.0101465405772276,0.0131962854550939,0.0027535584171825
2017-02-01,0.0015913904232975,0.018307579363062,0.0047083529303861,0.0013739411366744
2017-03-01,-0.0004673107988741,-0.0805883337149935,-0.0005220569160595,0.0013720560121814
2017-04-01,0.0012333918811604,0.0344689965676909,0.0078023802841853,0.0027384772933034
2017-05-01,-0.000774277635636,-0.0518500700522785,-0.0010368067284405,0.0013664315494348
2017-06-01,0.0006514164440556,-0.0704968307212019,0.0041407926660319,0.0022732448980149
2017-07-01,0.0003275963060049,0.0315895997803723,-0.0005166623726404,0.0022680889741111
2017-08-01,0.0038412391487883,0.0297898863915535,0.0015491869868293,0.001358388255062
2017-09-01,0.0050933965261075,0.0363825126222514,0.0051466917517686,0.0036133733985139
2017-10-01,0.0007747520471248,0.034717490619164,0.0005132153050801,0.0
2017-11-01,0.0026644546143197,0.0935814489322655,0.0051177184369803,0.0018018022892629
2017-12-01,0.0021046728661735,0.0216564523778188,0.0020397763319204,0.0031453631862934
2018-01-01,0.0042443244618279,0.0958126608148344,0.0081177513261048,0.0031355008891211
2018-02-01,0.0026886698861776,-0.023347363996991,0.0070493746102284,0.002233639525937
2018-03-01,0.0001923439115056,0.0080026035275251,0.0,0.0035634781583886
2018-04-01,0.0026010210660754,0.0545956627576798,0.0050050154530234,0.002664299977463
2018-05-01,0.0022554044437663,0.0547740220732109,0.0143744730325545,0.0022148403295529
2018-06-01,0.0009007393845479,-0.0306153762238752,0.0049091900262379,0.0026513493216198
2018-07-01,0.000780515817194,0.0448040365026836,0.0004895960930113,0.0017636688874969
2018-08-01,0.0017857254132316,-0.0420084781455907,-0.0044150182091167,0.0035180335316788
2018-09-01,0.0020601581183248,0.0313859010981696,0.0009828010619079,0.0035057003476284
2018-10-01,0.002336847588066,0.0073769663524174,0.004899568841159,0.0013114755978111
2018-11-01,-0.0007044399795823,-0.2168032694196267,-0.0113051093438265,0.0047940819646741
2018-12-01,0.0006846591120321,-0.1399726387273796,-0.0064468361146241,0.0047712083571398
2019-01-01,-0.0008153120801193,0.0368723633053971,-0.0094976969889248,0.0008650519570583
2019-02-01,0.0029967603671732,0.067174689167893,0.0005021340803468,0.0025906750240927
2019-03-01,0.0037746599164281,0.0566021981150424,0.0080000426670761,0.0043029326288088
2019-04-01,0.0037526294749232,0.0936673083219625,0.0064532365920015,0.0017160021370892
2019-05-01,0.0002468028273403,-0.0486100989540219,-0.0019811794494088,0.0029959363303171
2019-06-01,-0.0003251656708549,-0.106950907832692,-0.0069652022883941,0.0034129725962399
2019-07-01,0.0023052171103783,0.0480406630754579,0.0019950131305197,0.0021272077793752
2019-08-01,0.0009143518703291,-0.0453001845173544,-0.0075019106517943,0.0033941483581503
2019-09-01,0.0015376632893948,0.0383010308351661,-0.0040241502997249,0.0029604589183835
2019-10-01,0.0028232930540426,-0.0539306585536363,0.0010075567602996,0.0029517204648454
2019-11-01,0.0028114667260625,0.0553344138288927,0.0020120731134198,0.0033627606300004
2019-12-01,0.0029079862276493,0.0487651143829799,0.0,0.0008389262236994
2020-01-01,0.0019198201188972,-0.0402098461386364,0.0015064024942565,0.0025125641358831
2020-02-01,0.0004745581007963,-0.1293676114527433,-0.0131315018237359,0.0050062682781439
2020-03-01,-0.0045387319229055,-0.5482539855603985,-0.0184715359605442,0.0037383221106073
2020-04-01,-0.0079516785190181,-0.5681250145765775,-0.040153307386979,0.0414188313031167
2020-05-01,-0.0008987289452484,0.5456210356483115,0.0165734881518675,-0.0063846984646698
2020-06-01,0.0048357879450016,0.293703821241174,0.0136916304179433,-0.0080386284964353
2020-07-01,0.005083500471799,0.06076280380233,0.0093701882875851,-0.0036385728439083
2020-08-01,0.0037243990909825,0.0392585031918315,0.0067131674785088,0.0044453498138485
2020-09-01,0.0026226972571725,-0.0661458585043752,0.006157023042026,0.0008061266055245
2020-10-01,0.0012377095499918,-0.0058205908984558,0.0051020518838953,0.0008054772888166
2020-11-01,0.0022715509642852,0.0383417639292553,0.0091186042164341,0.0040176831866127
2020-12-01,0.0043368917362647,0.1384654628787802,0.0110332112208739,0.0087824915803493
2021-01-01,0.0024469646232301,0.1006706754695039,0.0212196464187286,0.0
2021-02-01,0.0033899239327928,0.1269714617107893,0.0279267065345223,0.0035707238891289
2021-03-01,0.0052295120503771,0.054227670528542,0.0206774284277875,0.0031633082922151
2021-04-01,0.0062192741497621,-0.0098348233257992,0.0133982138229118,0.0074729944630052
2021-05-01,0.0066131452964039,0.0543912128493291,0.0316196170146954,0.0062500203451714
2021-06-01,0.0084261875784212,0.0910184777177249,0.0176293679932513,0.0054369065967359
2021-07-01,0.0046041326767936,0.0154309032507722,0.0128053838789483,0.0057926402561605
2021-08-01,0.0028388921319173,-0.0679194080859737,0.0067273743021134,0.0057592787335734
2021-09-01,0.0045153080999735,0.0562639410473684,0.0096484814559056,0.0068676347754883
2021-10-01,0.0095920511630529,0.1285644370844245,0.020108082214258,0.0056872191205896
2021-11-01,0.0085297806482742,-0.0290128050315843,0.0116672675752083,0.0041501663039245
2021-12-01,0.0068814986332643,-0.0987145784325376,-0.0080433758377314,0.0075019106517948
2022-01-01,0.0060278356705198,0.1488574956603114,0.0209728653846088,0.0055897294787867
2022-02-01,0.0069025021736397,0.0963801540305002,0.0248734054700587,0.0022271724128239
2022-03-01,0.0110946409921393,0.1688823153952192,0.0286907643178304,0.0048085907340165
2022-04-01,0.0030786075145359,-0.063936551819828,0.0201634778911374,0.0066201050896061
2022-05-01,0.0094402960946426,0.0735674448807888,0.0294918330914253,0.0043891804187632
2022-06-01,0.0124827848358357,0.0471587892113882,0.0252948434862592,0.0043699996711183
2022-07-01,-0.0001491854140125,-0.1222994890872772,-0.0288767179908608,0.0050743131714692
2022-08-01,0.0006237182622843,-0.0814623989445468,-0.0100698499575058,0.0032485139558313
2022-09-01,0.0042336979879511,-0.1058707106701684,-0.0061327511896713,0.0043150013014132
2022-10-01,0.0055791623226442,0.0383028021809899,-0.0106463228743871,0.0042964620335053
2022-11-01,0.0026106219155703,-0.0369981705543249,-0.0072091759321013,0.0042780813910785
2022-12-01,0.0001539444932747,-0.0987057688054635,-0.0201905318400399,0.0039055615062273
2023-01-01,0.0052999529986568,0.0217399866364056,0.0089940466246636,0.00318415269914
2023-02-01,0.0034226693655066,-0.0166509171289339,-0.0060050749356603,0.0038780235451465
2023-03-01,0.0012299614825534,-0.0473074685136687,-0.0062319511565025,0.0049140148024289
2023-04-01,0.003386997049354,0.0808401726168499,-0.0005992567838921,0.0048899852941919
2023-05-01,0.0016133851752462,-0.1043121876448456,-0.012683834440879,0.0027835786936463
2023-06-01,0.0022392443348424,-0.0187553971240239,0.0007487242483241,0.0038148130189221
2023-07-01,0.0019552339939634,0.0795936607953544,-9.848432629855353e-05,0.0041450836551688
2023-08-01,0.0048240529386349,0.0675984463297405,0.0150340553892114,0.0017220600088241
2023-09-01,0.0038933265995382,0.0942037810191394,0.0048546979480406,0.0041208849525027
2023-10-01,0.001365916058944,-0.0433037326366081,-0.0145569999540891,0.0027378524973387
2023-11-01,0.0014679044730874,-0.0974259147591523,-0.0091960462885589,0.0037523496185505
2023-12-01,0.0019225506781728,-0.0774502842353284,-0.0118953825654406,0.0033990515390742
2024-01-01,0.0030948913761053,0.0308138038569403,0.0057465459472307,0.0047393453638968
2024-02-01,0.0040891681286252,0.0409568471939136,0.0143019868548384,0.0016871945962857
2024-03-01,0.0044215489032835,0.0508530680523167,0.0006627178339142,0.004037690546077
2024-04-01,0.0021683241408005,0.0488604654102777,0.007354453319345,0.002347812582748
2024-05-01,0.0004854694616884,-0.0644838458113605,-0.0065002346814866,0.0040120414899607
2024-06-01,-0.0004183839899809,-0.0031291095060508,0.0023512071031825,0.003331115671866
2024-07-01,0.0016756758089773,0.0251297496856635,0.0054828822070494,0.0029885461393175
2024-08-01,0.0015709870971756,-0.064636325431258,-0.0072467476798028,0.0036405798938718
2024-09-01,0.0021310643980809,-0.0877229688505822,-0.0109458039183953,0.0039564838950747
2024-10-01,0.0028523267054199,0.0246092711543504,0.0015778144418465,0.0029571238897436
2024-11-01,0.0028378955358077,-0.0287465193697213,0.0005135376535951,0.002621233479874
2024-12-01,0.0033936184663732,0.0024273589415431,0.000836896111882,0.0032669091453483
2025-01-01,0.0042635145054417,0.0770983624206156,0.0154158535746757,0.004231088492741
2025-02-01,0.0022485290696172,-0.0571894803533563,0.0082731125163784,0.0032425449940811
2025-03-01,0.0003315276574467,-0.047086038936869,-0.0037565943761102,0.0041996508179025
2025-04-01,0.001615405757116,-0.0713612743420535,-0.0005145893941769,0.0022540663222696
2025-05-01,0.0009923205197965,-0.0217970605601243,0.001106233311412,0.0035318707447742
2025-06-01,0.0025387246816279,0.0921320170934478,0.0069842666639807,0.0035194405228775
2025-07-01,0.0022809066389317,0.0032220297353111,0.0071416716309444,0.0025518355155482
2025-08-01,0.0034765938403831,-0.0529955142308331,-0.0009457203050864,0.0031806642590708
2025-09-01,0.0029465564547281,-0.0139732129134184,-0.0002136735838904,0.00222046086474
2025-10-01,,-0.0491889303452701,-0.0055984609867243,0.0044261849055615
2025-11-01,,-0.013724895065299,0.005064077194846,0.0028350940394763
2025-12-01,0.0029734591724412,-0.0354184272035427,-0.0022207494310633,0.0012574663712903
2026-01-01,0.0017069687987829,0.0350853714136194,0.0086676950102067,0.003449901492865
2026-02-01,0.002666472542276,0.0718092437788895,0.0222351008650392,0.003125979413292
2026-03-01,0.0086142291058459,0.3482063855909754,0.0238692664499442,0.0024937668784024
2026-04-01,0.0063799824074664,0.093338440749485,0.024098155342985,0.0034188067487854
2026-05-01,0.004717995023876,0.017881434705397,0.0269000359868751,0.0024790840090602
2026-06-01,-0.0042337662840106,-0.1858330512163988,-0.0126864632725558,0.0021641684130822
