,epu,umcsent
1952-11-01,,86.2
1952-12-01,,
1953-01-01,,
1953-02-01,,90.7
1953-03-01,,
1953-04-01,,
1953-05-01,,
1953-06-01,,
1953-07-01,,
1953-08-01,,80.8
1953-09-01,,
1953-10-01,,
1953-11-01,,80.7
1953-12-01,,
1954-01-01,,
1954-02-01,,82.0
1954-03-01,,
1954-04-01,,
1954-05-01,,82.9
1954-06-01,,
1954-07-01,,
1954-08-01,,
1954-09-01,,
1954-10-01,,
1954-11-01,,87.0
1954-12-01,,
1955-01-01,,
1955-02-01,,95.9
1955-03-01,,
1955-04-01,,
1955-05-01,,99.1
1955-06-01,,
1955-07-01,,
1955-08-01,,
1955-09-01,,
1955-10-01,,
1955-11-01,,99.7
1955-12-01,,
1956-01-01,,
1956-02-01,,
1956-03-01,,
1956-04-01,,
1956-05-01,,98.2
1956-06-01,,
1956-07-01,,
1956-08-01,,99.9
1956-09-01,,
1956-10-01,,
1956-11-01,,100.2
1956-12-01,,
1957-01-01,,
1957-02-01,,
1957-03-01,,
1957-04-01,,
1957-05-01,,92.9
1957-06-01,,
1957-07-01,,
1957-08-01,,
1957-09-01,,
1957-10-01,,
1957-11-01,,83.7
1957-12-01,,
1958-01-01,,
1958-02-01,,78.5
1958-03-01,,
1958-04-01,,
1958-05-01,,80.9
1958-06-01,,
1958-07-01,,
1958-08-01,,
1958-09-01,,
1958-10-01,,
1958-11-01,,90.8
1958-12-01,,
1959-01-01,,
1959-02-01,,
1959-03-01,,
1959-04-01,,
1959-05-01,,95.3
1959-06-01,,
1959-07-01,,
1959-08-01,,
1959-09-01,,
1959-10-01,,
1959-11-01,,93.8
1959-12-01,,
1960-01-01,,
1960-02-01,,100.0
1960-03-01,,
1960-04-01,,
1960-05-01,,93.3
1960-06-01,,
1960-07-01,,
1960-08-01,,97.2
1960-09-01,,
1960-10-01,,
1960-11-01,,90.1
1960-12-01,,
1961-01-01,,
1961-02-01,,91.6
1961-03-01,,
1961-04-01,,
1961-05-01,,92.5
1961-06-01,,
1961-07-01,,
1961-08-01,,99.2
1961-09-01,,
1961-10-01,,
1961-11-01,,93.0
1961-12-01,,
1962-01-01,,
1962-02-01,,99.9
1962-03-01,,
1962-04-01,,
1962-05-01,,95.4
1962-06-01,,
1962-07-01,,
1962-08-01,,91.6
1962-09-01,,
1962-10-01,,
1962-11-01,,95.0
1962-12-01,,
1963-01-01,,
1963-02-01,,98.4
1963-03-01,,
1963-04-01,,
1963-05-01,,91.7
1963-06-01,,
1963-07-01,,
1963-08-01,,96.4
1963-09-01,,
1963-10-01,,
1963-11-01,,94.4
1963-12-01,,
1964-01-01,,
1964-02-01,,99.5
1964-03-01,,
1964-04-01,,
1964-05-01,,98.5
1964-06-01,,
1964-07-01,,
1964-08-01,,100.6
1964-09-01,,
1964-10-01,,
1964-11-01,,99.9
1964-12-01,,
1965-01-01,,
1965-02-01,,102.0
1965-03-01,,
1965-04-01,,
1965-05-01,,105.4
1965-06-01,,
1965-07-01,,
1965-08-01,,103.4
1965-09-01,,
1965-10-01,,
1965-11-01,,102.9
1965-12-01,,
1966-01-01,,
1966-02-01,,100.0
1966-03-01,,
1966-04-01,,
1966-05-01,,95.7
1966-06-01,,
1966-07-01,,
1966-08-01,,91.2
1966-09-01,,
1966-10-01,,
1966-11-01,,88.3
1966-12-01,,
1967-01-01,,
1967-02-01,,94.1
1967-03-01,,
1967-04-01,,
1967-05-01,,95.9
1967-06-01,,
1967-07-01,,
1967-08-01,,97.0
1967-09-01,,
1967-10-01,,
1967-11-01,,92.9
1967-12-01,,
1968-01-01,,
1968-02-01,,97.2
1968-03-01,,
1968-04-01,,
1968-05-01,,92.4
1968-06-01,,
1968-07-01,,
1968-08-01,,92.4
1968-09-01,,
1968-10-01,,
1968-11-01,,91.7
1968-12-01,,
1969-01-01,,
1969-02-01,,98.2
1969-03-01,,
1969-04-01,,
1969-05-01,,91.5
1969-06-01,,
1969-07-01,,
1969-08-01,,86.4
1969-09-01,,
1969-10-01,,
1969-11-01,,79.7
1969-12-01,,
1970-01-01,,
1970-02-01,,78.1
1970-03-01,,
1970-04-01,,
1970-05-01,,75.4
1970-06-01,,
1970-07-01,,
1970-08-01,,77.6
1970-09-01,,
1970-10-01,,
1970-11-01,,72.4
1970-12-01,,
1971-01-01,,
1971-02-01,,78.1
1971-03-01,,
1971-04-01,,
1971-05-01,,80.2
1971-06-01,,
1971-07-01,,
1971-08-01,,82.1
1971-09-01,,
1971-10-01,,
1971-11-01,,82.0
1971-12-01,,
1972-01-01,,
1972-02-01,,92.8
1972-03-01,,
1972-04-01,,
1972-05-01,,88.6
1972-06-01,,
1972-07-01,,
1972-08-01,,95.2
1972-09-01,,
1972-10-01,,
1972-11-01,,90.7
1972-12-01,,
1973-01-01,,
1973-02-01,,81.9
1973-03-01,,
1973-04-01,,
1973-05-01,,77.0
1973-06-01,,
1973-07-01,,
1973-08-01,,72.0
1973-09-01,,
1973-10-01,,
1973-11-01,,76.5
1973-12-01,,
1974-01-01,,
1974-02-01,,61.8
1974-03-01,,
1974-04-01,,
1974-05-01,,72.1
1974-06-01,,
1974-07-01,,
1974-08-01,,64.4
1974-09-01,,
1974-10-01,,
1974-11-01,,59.5
1974-12-01,,
1975-01-01,,
1975-02-01,,57.6
1975-03-01,,
1975-04-01,,
1975-05-01,,72.8
1975-06-01,,
1975-07-01,,
1975-08-01,,75.7
1975-09-01,,
1975-10-01,,
1975-11-01,,75.6
1975-12-01,,
1976-01-01,,
1976-02-01,,84.6
1976-03-01,,
1976-04-01,,
1976-05-01,,83.3
1976-06-01,,
1976-07-01,,
1976-08-01,,89.7
1976-09-01,,
1976-10-01,,
1976-11-01,,87.0
1976-12-01,,
1977-01-01,,
1977-02-01,,87.1
1977-03-01,,
1977-04-01,,
1977-05-01,,90.2
1977-06-01,,
1977-07-01,,
1977-08-01,,89.0
1977-09-01,,
1977-10-01,,
1977-11-01,,84.4
1977-12-01,,
1978-01-01,,83.7
1978-02-01,,84.3
1978-03-01,,78.8
1978-04-01,,81.6
1978-05-01,,82.9
1978-06-01,,80.0
1978-07-01,,82.4
1978-08-01,,78.4
1978-09-01,,80.4
1978-10-01,,79.3
1978-11-01,,75.0
1978-12-01,,66.1
1979-01-01,,72.1
1979-02-01,,73.9
1979-03-01,,68.4
1979-04-01,,66.0
1979-05-01,,68.1
1979-06-01,,65.8
1979-07-01,,60.4
1979-08-01,,64.5
1979-09-01,,66.7
1979-10-01,,62.1
1979-11-01,,63.3
1979-12-01,,61.0
1980-01-01,,67.0
1980-02-01,,66.9
1980-03-01,,56.5
1980-04-01,,52.7
1980-05-01,,51.7
1980-06-01,,58.7
1980-07-01,,62.3
1980-08-01,,67.3
1980-09-01,,73.7
1980-10-01,,75.0
1980-11-01,,76.7
1980-12-01,,64.5
1981-01-01,,71.4
1981-02-01,,66.9
1981-03-01,,66.5
1981-04-01,,72.4
1981-05-01,,76.3
1981-06-01,,73.1
1981-07-01,,74.1
1981-08-01,,77.2
1981-09-01,,73.1
1981-10-01,,70.3
1981-11-01,,62.5
1981-12-01,,64.3
1982-01-01,,71.0
1982-02-01,,66.5
1982-03-01,,62.0
1982-04-01,,65.5
1982-05-01,,67.5
1982-06-01,,65.7
1982-07-01,,65.4
1982-08-01,,65.4
1982-09-01,,69.3
1982-10-01,,73.4
1982-11-01,,72.1
1982-12-01,,71.9
1983-01-01,,70.4
1983-02-01,,74.6
1983-03-01,,80.8
1983-04-01,,89.1
1983-05-01,,93.3
1983-06-01,,92.2
1983-07-01,,92.8
1983-08-01,,90.9
1983-09-01,,89.9
1983-10-01,,89.3
1983-11-01,,91.1
1983-12-01,,94.2
1984-01-01,,100.1
1984-02-01,,97.4
1984-03-01,,101.0
1984-04-01,,96.1
1984-05-01,,98.1
1984-06-01,,95.5
1984-07-01,,96.6
1984-08-01,,99.1
1984-09-01,,100.9
1984-10-01,,96.3
1984-11-01,,95.7
1984-12-01,,92.9
1985-01-01,125.22474,96.0
1985-02-01,99.02081,93.7
1985-03-01,112.19051,93.7
1985-04-01,102.81133,94.6
1985-05-01,120.08273,91.8
1985-06-01,132.71318,96.5
1985-07-01,128.00182,94.0
1985-08-01,126.76611,92.4
1985-09-01,126.76856,92.1
1985-10-01,116.05771,88.4
1985-11-01,122.03687,90.9
1985-12-01,133.24391,93.9
1986-01-01,155.93292,95.6
1986-02-01,159.46768,95.9
1986-03-01,160.19809,95.1
1986-04-01,150.36626,96.2
1986-05-01,132.63791,94.8
1986-06-01,122.51178,99.3
1986-07-01,132.11963,97.7
1986-08-01,127.55249,94.9
1986-09-01,132.01833,91.9
1986-10-01,111.50926,95.6
1986-11-01,115.02029,91.4
1986-12-01,108.96811,89.1
1987-01-01,122.11427,90.4
1987-02-01,109.14524,90.2
1987-03-01,122.08487,90.8
1987-04-01,110.85972,92.8
1987-05-01,110.04292,91.1
1987-06-01,121.15791,91.5
1987-07-01,106.34801,93.7
1987-08-01,74.83797,94.4
1987-09-01,78.98139,93.6
1987-10-01,143.60307,89.3
1987-11-01,155.42207,83.1
1987-12-01,135.47266,86.8
1988-01-01,131.52145,90.8
1988-02-01,116.58432,91.6
1988-03-01,105.05246,94.6
1988-04-01,113.65598,91.2
1988-05-01,96.14574,94.8
1988-06-01,89.78251,94.7
1988-07-01,85.18197,93.4
1988-08-01,100.15845,97.4
1988-09-01,94.55409,97.3
1988-10-01,102.23078,94.1
1988-11-01,113.95989,93.0
1988-12-01,99.66633,91.9
1989-01-01,105.07536,97.9
1989-02-01,84.84484,95.4
1989-03-01,97.21568,94.3
1989-04-01,108.86306,91.5
1989-05-01,87.81604,90.7
1989-06-01,94.83974,90.6
1989-07-01,84.56992,92.0
1989-08-01,95.86038,89.6
1989-09-01,90.9182,95.8
1989-10-01,91.59669,93.9
1989-11-01,107.84913,90.9
1989-12-01,107.09523,90.5
1990-01-01,100.35918,93.0
1990-02-01,89.59096,89.5
1990-03-01,86.06529,91.3
1990-04-01,76.6617,93.9
1990-05-01,118.53794,90.6
1990-06-01,120.52674,88.3
1990-07-01,111.56962,88.2
1990-08-01,142.16525,76.4
1990-09-01,157.6953,72.8
1990-10-01,141.11954,63.9
1990-11-01,145.29094,66.0
1990-12-01,134.48512,65.5
1991-01-01,175.6586,66.8
1991-02-01,115.21345,70.4
1991-03-01,116.0257,87.7
1991-04-01,107.24168,81.8
1991-05-01,94.75868,78.3
1991-06-01,96.93761,82.1
1991-07-01,93.53158,82.9
1991-08-01,100.59554,82.0
1991-09-01,117.04781,83.0
1991-10-01,105.54142,78.3
1991-11-01,122.24915,69.1
1991-12-01,139.99911,68.2
1992-01-01,109.20084,67.5
1992-02-01,125.53677,68.8
1992-03-01,91.70583,76.0
1992-04-01,87.5823,77.2
1992-05-01,96.87495,79.2
1992-06-01,122.34917,80.4
1992-07-01,120.91493,76.6
1992-08-01,115.90752,76.1
1992-09-01,127.01962,75.6
1992-10-01,138.52179,73.3
1992-11-01,118.77686,85.3
1992-12-01,106.86791,91.0
1993-01-01,102.53033,89.3
1993-02-01,119.96253,86.6
1993-03-01,121.55787,85.9
1993-04-01,109.25684,85.6
1993-05-01,133.58966,80.3
1993-06-01,126.04877,81.5
1993-07-01,117.58451,77.0
1993-08-01,106.03236,77.3
1993-09-01,106.27469,77.9
1993-10-01,84.48769,82.7
1993-11-01,84.55661,81.2
1993-12-01,77.52033,88.2
1994-01-01,80.0098,94.3
1994-02-01,94.5927,93.2
1994-03-01,87.00632,91.5
1994-04-01,100.41637,92.6
1994-05-01,96.52731,92.8
1994-06-01,92.37978,91.2
1994-07-01,85.37095,89.0
1994-08-01,92.82606,91.7
1994-09-01,90.63003,91.5
1994-10-01,76.499,92.7
1994-11-01,91.77528,91.6
1994-12-01,91.79501,95.1
1995-01-01,107.95494,97.6
1995-02-01,86.32307,95.1
1995-03-01,78.09662,90.3
1995-04-01,65.99178,92.5
1995-05-01,74.70236,89.8
1995-06-01,79.67356,92.7
1995-07-01,83.0381,94.4
1995-08-01,66.76376,96.2
1995-09-01,75.22517,88.9
1995-10-01,80.62605,90.2
1995-11-01,90.53282,88.2
1995-12-01,84.34723,91.0
1996-01-01,90.66318,89.3
1996-02-01,75.83463,88.5
1996-03-01,72.65244,93.7
1996-04-01,69.19065,92.7
1996-05-01,69.42779,89.4
1996-06-01,81.1797,92.4
1996-07-01,73.61083,94.7
1996-08-01,83.65826,95.3
1996-09-01,77.97563,94.7
1996-10-01,64.19595,96.5
1996-11-01,74.20866,99.2
1996-12-01,69.97417,96.9
1997-01-01,74.96831,97.4
1997-02-01,87.69729,99.7
1997-03-01,75.01231,100.0
1997-04-01,75.45429,101.4
1997-05-01,73.45813,103.2
1997-06-01,78.48298,104.5
1997-07-01,73.89487,107.1
1997-08-01,63.80988,104.4
1997-09-01,61.15956,106.0
1997-10-01,83.65215,105.6
1997-11-01,78.39389,107.2
1997-12-01,88.74448,102.1
1998-01-01,91.04063,106.6
1998-02-01,88.81944,110.4
1998-03-01,78.38832,106.5
1998-04-01,73.20014,108.7
1998-05-01,75.85511,106.5
1998-06-01,76.28635,105.6
1998-07-01,88.17701,105.2
1998-08-01,101.40807,104.4
1998-09-01,123.96147,100.9
1998-10-01,109.88135,97.4
1998-11-01,92.94632,102.7
1998-12-01,91.40618,100.5
1999-01-01,98.64504,103.9
1999-02-01,82.38359,108.1
1999-03-01,66.00053,105.7
1999-04-01,67.53295,104.6
1999-05-01,67.08853,106.8
1999-06-01,73.01112,107.3
1999-07-01,79.81312,106.0
1999-08-01,69.55318,104.5
1999-09-01,69.81623,107.2
1999-10-01,62.71155,103.2
1999-11-01,82.06383,107.2
1999-12-01,83.80947,105.4
2000-01-01,89.20154,112.0
2000-02-01,77.60139,111.3
2000-03-01,77.54831,107.1
2000-04-01,76.05923,109.2
2000-05-01,97.98621,110.7
2000-06-01,92.96502,106.4
2000-07-01,79.44698,108.3
2000-08-01,66.58134,107.3
2000-09-01,75.14165,106.8
2000-10-01,84.66173,105.8
2000-11-01,125.06754,107.6
2000-12-01,115.26872,98.4
2001-01-01,111.41604,94.7
2001-02-01,110.91785,90.6
2001-03-01,116.02695,91.5
2001-04-01,122.67341,88.4
2001-05-01,100.42902,92.0
2001-06-01,86.39027,92.6
2001-07-01,102.13185,92.4
2001-08-01,84.28912,91.5
2001-09-01,188.05949,81.8
2001-10-01,173.14337,82.7
2001-11-01,130.57564,83.9
2001-12-01,117.23659,88.8
2002-01-01,116.83746,93.0
2002-02-01,87.60069,90.7
2002-03-01,83.44043,95.7
2002-04-01,88.5661,93.0
2002-05-01,86.29886,96.9
2002-06-01,93.61022,92.4
2002-07-01,110.30517,88.1
2002-08-01,116.01482,87.6
2002-09-01,124.04314,86.1
2002-10-01,111.88597,80.6
2002-11-01,123.28438,84.2
2002-12-01,122.22167,86.7
2003-01-01,138.9534,82.4
2003-02-01,126.72774,79.9
2003-03-01,163.5238,77.6
2003-04-01,135.62755,86.0
2003-05-01,102.61982,92.1
2003-06-01,95.8273,89.7
2003-07-01,91.74151,90.9
2003-08-01,95.67181,89.3
2003-09-01,106.11576,87.7
2003-10-01,88.04379,89.6
2003-11-01,84.91824,93.7
2003-12-01,91.73699,92.6
2004-01-01,96.56646,103.8
2004-02-01,99.4573,94.4
2004-03-01,96.78947,95.8
2004-04-01,94.11528,94.2
2004-05-01,92.32118,90.2
2004-06-01,85.34598,95.6
2004-07-01,87.54419,96.7
2004-08-01,85.92587,95.9
2004-09-01,100.01189,94.2
2004-10-01,105.69511,91.7
2004-11-01,95.24085,92.8
2004-12-01,77.59644,97.1
2005-01-01,73.91848,95.5
2005-02-01,58.95005,94.1
2005-03-01,57.55796,92.6
2005-04-01,74.56597,87.7
2005-05-01,70.50812,86.9
2005-06-01,74.56133,96.0
2005-07-01,68.71645,96.5
2005-08-01,64.39586,89.1
2005-09-01,91.40606,76.9
2005-10-01,76.16368,74.2
2005-11-01,72.21599,81.6
2005-12-01,78.04893,91.5
2006-01-01,79.17535,91.2
2006-02-01,72.69299,86.7
2006-03-01,64.22933,88.9
2006-04-01,79.76153,87.4
2006-05-01,70.83626,79.1
2006-06-01,79.49433,84.9
2006-07-01,80.56231,84.7
2006-08-01,72.76997,82.0
2006-09-01,67.06754,85.4
2006-10-01,63.46447,93.6
2006-11-01,62.51984,92.1
2006-12-01,63.37041,91.7
2007-01-01,79.01967,96.9
2007-02-01,57.20262,91.3
2007-03-01,69.88729,88.4
2007-04-01,62.5017,87.1
2007-05-01,74.68187,88.3
2007-06-01,73.29654,85.3
2007-07-01,59.32398,90.4
2007-08-01,89.10405,83.4
2007-09-01,100.74438,83.4
2007-10-01,89.45453,80.9
2007-11-01,102.44111,76.1
2007-12-01,108.5438,75.5
2008-01-01,144.98473,78.4
2008-02-01,108.10469,70.8
2008-03-01,111.71236,69.5
2008-04-01,102.19691,62.6
2008-05-01,94.28403,59.8
2008-06-01,94.55676,56.4
2008-07-01,109.78897,61.2
2008-08-01,95.87076,63.0
2008-09-01,187.74031,70.3
2008-10-01,189.91728,57.6
2008-11-01,148.84258,55.3
2008-12-01,145.99467,60.1
2009-01-01,171.94623,61.2
2009-02-01,187.11403,56.3
2009-03-01,166.90338,57.3
2009-04-01,131.85612,65.1
2009-05-01,138.80585,68.7
2009-06-01,130.93349,70.8
2009-07-01,126.28215,66.0
2009-08-01,152.55009,65.7
2009-09-01,145.44437,73.5
2009-10-01,138.13055,70.6
2009-11-01,116.16232,67.4
2009-12-01,121.22102,72.5
2010-01-01,149.35928,74.4
2010-02-01,132.79865,73.6
2010-03-01,137.47002,73.6
2010-04-01,137.07739,72.2
2010-05-01,151.10342,73.6
2010-06-01,140.56915,76.0
2010-07-01,180.01445,67.8
2010-08-01,147.3091,68.9
2010-09-01,182.1467,68.2
2010-10-01,163.42491,67.7
2010-11-01,179.13557,71.6
2010-12-01,165.40785,74.5
2011-01-01,142.17046,74.2
2011-02-01,145.5089,77.5
2011-03-01,174.35437,67.5
2011-04-01,157.4959,69.8
2011-05-01,126.19207,74.3
2011-06-01,158.08862,71.5
2011-07-01,197.91635,63.7
2011-08-01,245.12672,55.8
2011-09-01,204.62979,59.5
2011-10-01,159.73958,60.8
2011-11-01,166.33902,63.7
2011-12-01,189.39836,69.9
2012-01-01,178.28653,75.0
2012-02-01,149.63708,75.3
2012-03-01,137.55312,76.2
2012-04-01,136.59669,76.4
2012-05-01,158.56197,79.3
2012-06-01,194.61058,73.2
2012-07-01,184.8797,72.3
2012-08-01,152.35345,74.3
2012-09-01,175.27705,78.3
2012-10-01,165.94449,82.6
2012-11-01,187.49065,82.7
2012-12-01,192.82516,72.9
2013-01-01,157.53331,73.8
2013-02-01,114.65411,77.6
2013-03-01,124.94081,78.6
2013-04-01,118.71048,76.4
2013-05-01,104.30455,84.5
2013-06-01,114.61613,84.1
2013-07-01,94.03991,85.1
2013-08-01,102.77068,82.1
2013-09-01,144.40178,77.5
2013-10-01,171.02225,73.2
2013-11-01,89.90614,75.1
2013-12-01,104.60212,82.5
2014-01-01,93.50074,81.2
2014-02-01,88.98534,81.6
2014-03-01,93.4676,80.0
2014-04-01,91.11802,84.1
2014-05-01,90.39224,81.9
2014-06-01,81.00762,82.5
2014-07-01,76.64491,81.8
2014-08-01,71.26215,82.5
2014-09-01,84.33692,84.6
2014-10-01,100.20665,86.9
2014-11-01,88.56004,88.8
2014-12-01,85.1875,93.6
2015-01-01,117.16062,98.1
2015-02-01,100.31974,95.4
2015-03-01,105.21815,93.0
2015-04-01,109.64379,95.9
2015-05-01,101.01895,90.7
2015-06-01,108.9528,96.1
2015-07-01,98.91843,93.1
2015-08-01,129.69531,91.9
2015-09-01,138.72168,87.2
2015-10-01,102.89401,90.0
2015-11-01,92.10043,91.3
2015-12-01,99.34261,92.6
2016-01-01,119.01518,92.0
2016-02-01,114.62456,91.7
2016-03-01,104.19081,91.0
2016-04-01,84.25134,89.0
2016-05-01,82.04127,94.7
2016-06-01,162.62912,93.5
2016-07-01,121.96465,90.0
2016-08-01,91.8289,89.8
2016-09-01,79.80896,91.2
2016-10-01,92.51784,87.2
2016-11-01,169.37782,93.8
2016-12-01,115.15205,98.2
2017-01-01,134.86954,98.5
2017-02-01,133.33147,96.3
2017-03-01,119.77617,96.9
2017-04-01,121.57059,97.0
2017-05-01,104.17097,97.1
2017-06-01,98.75896,95.0
2017-07-01,110.75359,93.4
2017-08-01,109.17826,96.8
2017-09-01,96.75076,95.1
2017-10-01,102.16058,100.7
2017-11-01,94.4896,98.5
2017-12-01,111.49722,95.9
2018-01-01,123.65155,95.7
2018-02-01,94.00742,99.7
2018-03-01,136.33432,101.4
2018-04-01,108.21374,98.8
2018-05-01,124.93665,98.0
2018-06-01,108.6274,98.2
2018-07-01,133.08626,97.9
2018-08-01,99.13562,96.2
2018-09-01,102.6602,100.1
2018-10-01,111.51256,98.6
2018-11-01,130.22386,97.5
2018-12-01,166.2868,98.3
2019-01-01,201.032,91.2
2019-02-01,106.90066,93.8
2019-03-01,140.24738,98.4
2019-04-01,98.73669,97.2
2019-05-01,122.53876,100.0
2019-06-01,150.11678,98.2
2019-07-01,149.9729,98.4
2019-08-01,190.46324,89.8
2019-09-01,134.36179,93.2
2019-10-01,118.48822,95.5
2019-11-01,131.7507,96.8
2019-12-01,143.46724,99.3
2020-01-01,131.39111,99.8
2020-02-01,160.51564,101.0
2020-03-01,283.14719,89.1
2020-04-01,268.61639,71.8
2020-05-01,350.45984,72.3
2020-06-01,231.25978,78.1
2020-07-01,305.96353,72.5
2020-08-01,224.42636,74.1
2020-09-01,218.05827,80.4
2020-10-01,249.17361,81.8
2020-11-01,246.70712,76.9
2020-12-01,246.12613,80.7
2021-01-01,207.91243,79.0
2021-02-01,151.93289,76.8
2021-03-01,139.80121,84.9
2021-04-01,124.88953,88.3
2021-05-01,147.01584,82.9
2021-06-01,133.57886,85.5
2021-07-01,152.9109,81.2
2021-08-01,133.81454,70.3
2021-09-01,142.06764,72.8
2021-10-01,121.9515,71.7
2021-11-01,151.28683,67.4
2021-12-01,166.24265,70.6
2022-01-01,139.23758,67.2
2022-02-01,138.05353,62.8
2022-03-01,190.01239,59.4
2022-04-01,154.66196,65.2
2022-05-01,168.00082,58.4
2022-06-01,145.97592,50.0
2022-07-01,186.92142,51.5
2022-08-01,163.23982,58.2
2022-09-01,174.18347,58.6
2022-10-01,177.42313,59.9
2022-11-01,171.73727,56.7
2022-12-01,136.43315,59.8
2023-01-01,139.12463,64.9
2023-02-01,120.13662,66.9
2023-03-01,147.9425,62.0
2023-04-01,127.42137,63.7
2023-05-01,156.19289,59.0
2023-06-01,141.05705,64.2
2023-07-01,113.79254,71.5
2023-08-01,84.49314,69.4
2023-09-01,108.39746,67.8
2023-10-01,117.69793,63.8
2023-11-01,125.47517,61.3
2023-12-01,105.7713,69.7
2024-01-01,121.96393,79.0
2024-02-01,87.23671,76.9
2024-03-01,93.20401,79.4
2024-04-01,106.48626,77.2
2024-05-01,103.8162,69.1
2024-06-01,115.8524,68.2
2024-07-01,116.29613,66.4
2024-08-01,112.31228,67.9
2024-09-01,105.89523,70.1
2024-10-01,95.29997,70.5
2024-11-01,160.52061,71.8
2024-12-01,156.89088,74.0
2025-01-01,167.38864,71.7
2025-02-01,228.61916,64.7
2025-03-01,297.08401,57.0
2025-04-01,460.11432,52.2
2025-05-01,364.05179,52.2
2025-06-01,253.81812,60.7
2025-07-01,251.757,61.7
2025-08-01,254.12744,58.2
2025-09-01,224.23755,55.1
2025-10-01,217.50844,53.6
2025-11-01,218.76604,51.0
2025-12-01,205.27646,52.9
2026-01-01,265.51324,56.4
2026-02-01,263.31009,56.6
2026-03-01,263.58206,53.3
2026-04-01,219.08786,49.8
2026-05-01,247.62436,44.8
2026-06-01,213.2946,49.5
2026-07-01,185.48256,55.2
2026-08-01,177.6889,
